-- Datos exportados desde Supabase para DonDominio
-- Generado: 2026-06-12T22:51:29.297Z
SET NAMES utf8mb4;
SET foreign_key_checks = 0;

DELETE FROM ordenes_trabajo_gps;
DELETE FROM inventario_movimientos;
DELETE FROM materiales_orden;
DELETE FROM ordenes_trabajo;
DELETE FROM inventario_materiales;
DELETE FROM equipos;
DELETE FROM tecnicos;
DELETE FROM usuarios_sat;
DELETE FROM usuarios;
DELETE FROM clientes;

INSERT INTO usuarios (id, email, password_hash, mfa_secret, mfa_enabled, activo, created_at, updated_at) VALUES
('27c42856-cecf-40e7-b7f1-337ea3cf8b70', 'jesus@cotepa.com', '$2y$10$a6AUjfTxGBQN98C.0q6gR.FrIkb2B7Pp9gHMBJt6jvAi4L3Cca3ri', NULL, 0, 1, '2026-05-26 04:41:11', '2026-06-12 19:20:02'),
('65ad641c-5cfc-41a2-9219-b69932369739', 'servicio@cotepa.com', '$2y$10$a6AUjfTxGBQN98C.0q6gR.FrIkb2B7Pp9gHMBJt6jvAi4L3Cca3ri', NULL, 0, 1, '2026-06-09 18:25:53', '2026-06-09 18:25:53'),
('b699ae8a-de1a-4bb7-9710-e5f0bb503868', 'sat@cotepa.com', '$2y$10$a6AUjfTxGBQN98C.0q6gR.FrIkb2B7Pp9gHMBJt6jvAi4L3Cca3ri', NULL, 0, 1, '2026-04-26 18:04:04', '2026-06-12 12:54:52'),
('c091c19e-8429-45a5-a112-e44b6c95675a', 'carmen@cotepa.com', '$2y$10$a6AUjfTxGBQN98C.0q6gR.FrIkb2B7Pp9gHMBJt6jvAi4L3Cca3ri', NULL, 0, 1, '2026-05-01 14:55:53', '2026-05-05 12:39:12'),
('c9465032-4317-438e-bc1c-668c6f67b509', 'luis@mail.com', '$2y$10$a6AUjfTxGBQN98C.0q6gR.FrIkb2B7Pp9gHMBJt6jvAi4L3Cca3ri', NULL, 0, 1, '2026-05-01 14:58:08', '2026-05-05 12:52:44');

INSERT INTO usuarios_sat (user_id, rol, nombre_visible, creado_en) VALUES
('27c42856-cecf-40e7-b7f1-337ea3cf8b70', 'admin', 'Jesús Hidalgo', '2026-05-26 04:41:11'),
('65ad641c-5cfc-41a2-9219-b69932369739', 'tecnico', 'Leo', '2026-06-09 18:25:53'),
('b699ae8a-de1a-4bb7-9710-e5f0bb503868', 'admin', 'José Peris', '2026-04-26 18:04:05'),
('c091c19e-8429-45a5-a112-e44b6c95675a', 'oficina', 'Carmen', '2026-05-01 14:55:54'),
('c9465032-4317-438e-bc1c-668c6f67b509', 'tecnico', 'Luís', '2026-05-01 14:58:08');

INSERT INTO clientes (id, nombre, direccion, telefono, email, lat, lng, created_at) VALUES
('1114413a-3a94-4031-8132-ab9dfa540fc3', 'PANADERIA SAP A POC', NULL, NULL, NULL, NULL, NULL, '2026-06-10 15:29:10'),
('195d0805-2e47-4a6a-9640-7ef085cb6322', 'SONNIA AVISSE', 'Calle del Dr. Calatayud, 22, 03724 Moraira, Alicante', '+34688262340', NULL, NULL, NULL, '2026-05-06 06:58:17'),
('23599ac3-7834-4ad7-a7bb-262894093e04', 'ART DEL PA S.L.', 'C. Sta. Gemma, 4, 46980 Paterna, Valencia', NULL, NULL, NULL, NULL, '2026-06-08 06:38:48'),
('35e5f419-c248-47ef-8df2-12224d97d8ed', 'ANITIN (Castelló)', 'Pol. Ind. El Pla II. Calle 6 Nº 1, 46270 Castelló, Valencia', '+34 673 89 42 47', 'epau@anitin.com', NULL, NULL, '2026-04-30 07:35:42'),
('36ec1efd-2542-47e2-96c2-eb5eb968fd8b', 'PANIFICADORA HNOS. NAVARRO RUIZ S.A.', 'Calle C, 15, 02007 Albacete', '+34667611754', NULL, NULL, NULL, '2026-05-12 19:01:31'),
('3c382c35-1346-4528-94eb-e8610a3e3285', 'PANADERIA LÓPEZ', 'C. Teniente Coronel Picazo, 4, 16260 Minglanilla, Cuenca', '+34 628 29 46 24', NULL, NULL, NULL, '2026-05-04 18:38:19'),
('41656512-6f06-4453-92bc-f9ac71ec6399', 'PANADERIA LA SANTA', 'C. Rosa del Azafrán, 12, 45730 Villafranca de los Caballeros, Toledo', NULL, NULL, NULL, NULL, '2026-06-09 18:46:21'),
('4b820065-01bf-4574-b898-5f16e0d7cee3', 'MARIO PADIAL (LA DAMA DOLÇA)', 'Carrer del Manyá, 4, 46670 La Pobla Llarga, Valencia', '+34 656 85 36 82', NULL, NULL, NULL, '2026-05-18 17:34:18'),
('5dcddbee-14a5-4267-abc3-9eb1875bbcc5', 'PASTELERÍA LOS ARGENTINOS', 'C.Constitució, 31, 03570 La Vila Joiosa, Alicante', '+34 680 23 23 74', NULL, NULL, NULL, '2026-05-25 13:37:07'),
('66dff8a0-b402-4eed-aa3f-94d4d92ff300', 'ART ESPIGA', 'Carrer Pintor Josep Renau, 12, 46460 Silla, Valencia', NULL, NULL, NULL, NULL, '2026-06-05 08:47:13'),
('6757c7c3-c9ec-4e46-af5d-a634ceadb92a', 'Biga Panadería S.L.', NULL, NULL, NULL, NULL, NULL, '2026-06-09 10:52:36'),
('7c294e77-6470-4728-a287-e1afe159d92a', 'HORNO DE PAN Y DULCES CARMINA ', 'Carrer de Fray Pedro Ponce de León, 4, Quatre Carreres, 46006 València, Valencia', NULL, NULL, NULL, NULL, '2026-06-08 08:02:31'),
('81ff4fc7-dc6a-49d3-939e-76bb4bd5c991', 'Pruebas', 'Calle Mar Mediterranea 11-3, 46510 Quartell, Valencia', '666998877', NULL, NULL, NULL, '2026-06-07 08:33:08'),
('82a5fd8a-06ad-47b9-8b39-188ae640f87d', 'LA TAHONA DE UTIEL', 'Calle Jaraiz, 214, 46300, Valencia', '+34 674 30 78 37', NULL, NULL, NULL, '2026-05-25 16:52:38'),
('acaf3613-c109-467e-95e5-3e4477690b6d', 'PASTELERÍA MONPLA', 'Carrer de Pizarro, 32, L''Eixample, 46004 València, Valencia', NULL, NULL, NULL, NULL, '2026-06-09 12:44:21'),
('c9eae1d7-89f0-4752-9f20-50f6dbc5ed56', 'HUGO RODRIGUEZ MELGAR', 'C. del N, 19, p 2, pta 7, Extramurs, 46008 València, Valencia', '+34 638 42 96 25', NULL, NULL, NULL, '2026-05-18 17:25:35'),
('d921a00a-5e18-4f8f-b8c3-671869215419', 'Horno EL SOL ', 'Carrer dels Caçadors, 46420 El Perelló, Valencia', '+34 607 47 79 39', NULL, NULL, NULL, '2026-05-04 08:34:30'),
('ddbdb0b4-b7f0-4a91-832d-3521f4c44807', 'PA DE POBLE', 'Carrer de Sueca, 55, L''Eixample, 46006 València, Valencia', NULL, NULL, NULL, NULL, '2026-06-04 10:12:30'),
('e50da51f-7e79-4561-b92d-c5ff94f247c8', 'PASQUAL + SHEILA BAKERY', 'Carrer d''Emilio Lluch, 18, Patraix, 46014 València, Valencia', '+34 664 49 09 51', NULL, NULL, NULL, '2026-05-18 06:27:14'),
('ef9dedd7-6bfc-4077-9ebc-b450b04b2f26', 'PASTELERIA ASCASO', 'Poligono Industrial Plhus.- c/Carrascal de Nisano,2, 22197 Huesca', NULL, NULL, NULL, NULL, '2026-06-09 18:49:08'),
('eff2b86e-273f-4d35-8304-633081e86c38', 'PANIFICADORA VIC', 'Carrer del Mas de la Móra, 9, 08500 Vic, Barcelona', NULL, NULL, NULL, NULL, '2026-06-12 10:24:36'),
('f992f0dc-d115-458e-8b78-f97f7433e668', 'ANTOLIN RUIZ GIJON', 'C. Canalejas, 34, 02100 Tarazona de la Mancha, Albacete', '+34 627 43 20 76', NULL, NULL, NULL, '2026-05-12 19:07:05');

INSERT INTO tecnicos (id, user_id, nombre, especialidad, activo) VALUES
('1294edf5-2d29-464c-9b4f-8e20c2bbb4ac', 'b699ae8a-de1a-4bb7-9710-e5f0bb503868', 'José Peris', 'Administración SAT', 1),
('33040769-645e-4d5f-8b57-c56ce226657b', NULL, 'Guti', NULL, 0),
('416fdb79-ee10-445c-8f85-28dc1f4b957a', '27c42856-cecf-40e7-b7f1-337ea3cf8b70', 'Jesús Hidalgo', 'Administración SAT', 1),
('57160bc6-edc7-4558-8cc6-e56dfe0b46ae', NULL, 'Guti', NULL, 0),
('69822cb9-b73b-4cbc-b172-129e4a49dfc1', 'c9465032-4317-438e-bc1c-668c6f67b509', 'Luís', NULL, 1),
('c4560176-3386-4529-bc8d-9d8eb37b7974', '65ad641c-5cfc-41a2-9219-b69932369739', 'Leo', NULL, 1),
('d813bf2c-dc79-4bb2-9343-f6c2a8f300ae', NULL, 'Jesús Hidalgo', 'Administración SAT', 0),
('e39552d2-d520-42fb-8fb5-2867c1ca7b1a', NULL, 'Jesús', 'Administración SAT', 0),
('ed02f1ab-a262-4bb8-9b77-dc79b43e00bc', NULL, 'Guti', 'Administración SAT', 0);

INSERT INTO equipos (id, cliente_id, nombre, marca, modelo, numero_serie, ultima_revision) VALUES
('01abf9a7-5122-46fc-8b52-030da79d61eb', '36ec1efd-2542-47e2-96c2-eb5eb968fd8b', 'Horno rotativo', 'MONDIAL FORNI', NULL, NULL, NULL),
('09caee34-1a01-4499-98f3-81e74daa39f0', '6757c7c3-c9ec-4e46-af5d-a634ceadb92a', 'Horno rotativo', 'POLIN', 'POCKET 4060 SE', '2511017/CJ/0010', NULL),
('147cdd98-257e-4691-8ea2-35525f5cd2dc', 'eff2b86e-273f-4d35-8304-633081e86c38', 'Línea GRAVI-LINE', 'TURRI', 'Gravi-Line', NULL, NULL),
('1aaea42d-f7b6-44ca-b14d-6889672c43f6', '66dff8a0-b402-4eed-aa3f-94d4d92ff300', 'Boleadora', 'TURRI', 'AR 2/T RIB', '233756', NULL),
('1f58e72c-c604-4d1a-aecf-3396725e370a', '4b820065-01bf-4574-b898-5f16e0d7cee3', 'Horno pisos', 'TAGLIAVINI', 'EMT4/4060', 'SN002902', NULL),
('285272e3-386e-4743-8d87-5166d0e3372a', '23599ac3-7834-4ad7-a7bb-262894093e04', 'Armario FC', 'GAVACOLD', NULL, NULL, NULL),
('28ca809f-2f2a-4c07-9503-8dbcf96e89b2', '82a5fd8a-06ad-47b9-8b39-188ae640f87d', 'Lavacarros', 'SOMENGIL', NULL, NULL, NULL),
('3267a6b3-ad14-438c-9179-73cd7f41733c', 'ddbdb0b4-b7f0-4a91-832d-3521f4c44807', 'Divisora hidráulica ', 'JAC', 'Tradiform', '16201269', NULL),
('54443153-d1ca-495b-b77f-64bed5dcf178', '7c294e77-6470-4728-a287-e1afe159d92a', 'Cámara FC ', NULL, NULL, NULL, NULL),
('5d1436b7-71bb-4c45-9863-b669957a4caf', '35e5f419-c248-47ef-8df2-12224d97d8ed', 'Lavacarros', 'SOMENGIL', 'Multiwasher MDC001SP', 'SWBI03001928', '2026-04-30'),
('5f2add05-fc82-4507-9251-516537cba29b', 'acaf3613-c109-467e-95e5-3e4477690b6d', 'Horno pisos', 'TAGLIAVINI', 'EMT 4/4060', 'SN010927', NULL),
('624a9a59-24e8-4e49-9651-91b8e5834edc', 'd921a00a-5e18-4f8f-b8c3-671869215419', 'Pulidor latas', NULL, NULL, NULL, NULL),
('77b0ba59-4a3c-4539-985a-23c97ee509c6', 'f992f0dc-d115-458e-8b78-f97f7433e668', 'Cámara FC', 'GAVACOLD', NULL, NULL, NULL),
('7de64904-aecc-42ac-bfbf-2fa18199c3bc', 'ef9dedd7-6bfc-4077-9ebc-b450b04b2f26', 'Amasadora de brazos', 'MIXER', 'IBTE.EVO 150 GALAXY BRACCI', '25015', NULL),
('89a41420-7024-4a8d-a14b-18a7516d17a8', '1114413a-3a94-4031-8132-ab9dfa540fc3', 'Horno rotativo ', 'MONDIAL FORNI', NULL, NULL, NULL),
('9e991b23-aa12-4cef-873c-11c024f3bd1f', '195d0805-2e47-4a6a-9640-7ef085cb6322', 'Horno pisos', 'POLIN', 'STRATOS XP 4ST 4060 H22', NULL, NULL),
('a9155dfb-5bcb-49bb-a0db-25605f0c92c8', '5dcddbee-14a5-4267-abc3-9eb1875bbcc5', 'Polin Pocket', NULL, NULL, NULL, NULL),
('c8da0352-2d65-4455-9378-9196ed6b0d5b', 'e50da51f-7e79-4561-b92d-c5ff94f247c8', 'Horno rotativo', 'POLIN', 'POCKET', NULL, NULL),
('cb3ac183-fb6d-4cef-a2f1-2241444064e6', '41656512-6f06-4453-92bc-f9ac71ec6399', 'Armario FC', 'POLIN', 'FC AVANT S18 359x199x245 1PDS1', '2405073/JO/0010', NULL),
('cc35fc0a-ebd5-4f51-b299-c12d3c5f7949', '3c382c35-1346-4528-94eb-e8610a3e3285', 'Cámara FC', 'POLIN', 'FC AVANT S25 259x279x245 1PDS', '2511167/JO/0010', NULL),
('d5d0ff6c-677b-4f88-9e92-b3fb8011b4a2', '36ec1efd-2542-47e2-96c2-eb5eb968fd8b', 'Cámara FC ', 'GAVACOLD', NULL, NULL, NULL),
('dfbe4a7c-a6a0-4648-8b6c-d2615c0f9ced', '195d0805-2e47-4a6a-9640-7ef085cb6322', 'Armario FC', 'POLIN', 'CSM FLP -3+35', NULL, NULL),
('eaf1da84-2f1d-4311-b753-368a3f0d46e5', 'acaf3613-c109-467e-95e5-3e4477690b6d', 'Horno rotativo ', 'POLIN', 'POCKET SE 4060', '2102043/CJ/0010', NULL),
('fbdaa8da-1124-41cd-83cd-db55ed93b36f', 'c9eae1d7-89f0-4752-9f20-50f6dbc5ed56', 'Cámara FC', 'GAVACOLD', NULL, '15FCLCDM0007', NULL);

-- inventario_materiales: sin filas

INSERT INTO ordenes_trabajo (id, numero_ticket, cliente_id, equipo_id, tecnico_id, descripcion_averia, tareas_realizadas, tiempo_empleado_minutos, mecanicos_intervinieron, estado, prioridad, foto_url, firma_url, informe_pdf_url, nombre_conformidad_cliente, referencia_informe, sin_intervencion, origen_parte_imprevista, fecha_inicio, fecha_fin, desplazamiento_inicio, desplazamiento_fin, desplazamiento_distancia_metros, desplazamiento_distancia_factura_km, intervension_inicio, intervension_fin, intervension_distancia_metros, intervension_geo_inicio, intervension_geo_fin, localizacion_inicio, localizacion_fin, desplazamiento_lugar_inicio, desplazamiento_lugar_fin, intervension_lugar_inicio, intervension_lugar_fin, coste_materiales_editable, tarifa_mano_obra_hora, horas_mano_obra, tarifa_desplazamiento_km, km_desplazamiento_facturables, recargo_festivo_pct, recargo_fuera_horario_pct, aplica_recargo_festivo, aplica_recargo_fuera_horario, coste_mano_obra_total, coste_desplazamiento_total, coste_total, created_at, updated_at) VALUES
('0b2e4848-cdd1-45a9-a9b5-f2f049da00a6', 32, '3c382c35-1346-4528-94eb-e8610a3e3285', 'cc35fc0a-ebd5-4f51-b299-c12d3c5f7949', 'd813bf2c-dc79-4bb2-9343-f6c2a8f300ae', 'Regular puertas para sellar correctamente tras su cierre.
Comprobar funcionamiento proceso de frío, el cliente confirma que trabaja muy repetitivamente.', 'Ajustamos puertas para eliminar holgura.
Comprobamos que el proceso de frío funciona correctamente; modificamos el parámetro de "Paro alcance frío" a valor 0,0. | Desplazamiento Cotepa a cliente | Inicio: 2026-05-05T06:02:55.726Z | Fin: 2026-05-05T06:03:01.294Z | Geo inicio (Cotepa): 39.44150, -0.38200 | Geo fin (cliente): 39.53472, -1.59458 | Distancia desplazamiento: 135.94 km | Factura (ida+vuelta): 135.94 km | Tiempo desplazamiento: 1 minutos | Factura (ida+vuelta): 1 minutos | Intervención en cliente | Inicio: 2026-05-05T06:03:01.291Z | Fin: 2026-05-05T07:37:09.521Z | Geo inicio: 39.53472, -1.59458 | Geo fin: 39.53480, -1.59442 | Distancia geo: 0.02 km | Tiempo intervención: 95 minutos | Firmado por: José Miguel', 95, 1, 'finalizado', 'baja', NULL, 'sb://firmas-clientes/3c382c35-1346-4528-94eb-e8610a3e3285/d813bf2c-dc79-4bb2-9343-f6c2a8f300ae/1777966676054-0if9cfol.png', 'sb://informes-partes/3c382c35-1346-4528-94eb-e8610a3e3285/d813bf2c-dc79-4bb2-9343-f6c2a8f300ae/0b2e4848-cdd1-45a9-a9b5-f2f049da00a6/SAT-260505-02.pdf', NULL, NULL, 0, 0, '2026-05-05 06:02:00', '2026-05-05 07:37:00', NULL, NULL, NULL, NULL, NULL, NULL, NULL, NULL, NULL, NULL, NULL, NULL, NULL, NULL, NULL, 0, 50, 1.58, 0.5, 271.89, 0, 0, 0, 0, 79, 135.94, 214.94, NULL, '2026-06-06 13:02:54'),
('34530525-d347-4c9a-8f81-427e22aa2e7b', 46, '82a5fd8a-06ad-47b9-8b39-188ae640f87d', '28ca809f-2f2a-4c07-9503-8dbcf96e89b2', '1294edf5-2d29-464c-9b4f-8e20c2bbb4ac', 'Cliente solicita realizar mantenimiento a la máquina e informa que salta alarma "Falta de agua o inyectores obstruidos".', 'Realizamos las siguientes acciones de mantenimiento sobre la máquina:

- Revisión estado de inyectores en cuba y calderín >>> Comprobamos multitud de inyectores obstruidos, los saneamos y solucionamos problema.

- Revisión de sistema hidráulico >>> Comprobamos funcionamiento de electroválvulas entrada agua, funcionan correctamente. Comprobamos posibles fugas de agua en circuito hidráulico y detectamos fuga en conexión de resistencia R2 a calderín. Saneamos conexión y sellamos fuga. Se sugiere sustituir junta de resistencia al detectarla desgastada. Detectamos también exceso de cal en interior de calderín saneado.

- Revisión funcionamiento giro carro y centrifugado >>> Funciona correctamente.

- Revisión estado jaula >>> Comprobamos que partes de la estructura de la jaula están deformadas por haber sufrido golpes con contenido cubicado en su interior durante el funcionamiento de la máquina. No obstante, comprobamos que la jaula gira correctamente sin sufrir contacto en el habitáculo interior durante el funcionamiento de la máquina.

- Revisión estado juntas de puerta >>> Comprobamos que se aprecia fuga de agua por la puerta (lado del tirador) el cual verifica que la junta de la puerta está dañada y necesita ser sustituida. También comprobamos que el marco de la puerta está deformado por haber sufrido golpes con el contenido cubicado en el interior de la jaula durante el funcionamiento de la máquina. En caso de sustituir la junta de puerta, se deberá revisar si siguen apareciendo fugas de agua el cual, en caso afirmativo, se deberá rectificar marco de puerta.

- Revisión de resistencias calor en cuba y calderín >>> Comprobamos que no funciona ninguna resistencia de cuba y calderín. La temperatura del agua detectada en máquina (40°-45° aprox.) proviene del agua alimentada a la máquina. Se recomienda sustituir todas las resistencias de cuba y calderín para alcanzar la temperatura deseada con el fin de realizar un óptimo lavado (70° aprox.) al contenido. Desconectamos todas las resistencias del cuadro eléctrico para evitar cualquier posible derivación eléctrica el cual impida el funcionamiento de la máquina.

- Revisión motor extractor vapor >>> Funciona correctamente.

- Revisión bombas lavabo y enjuague >>> Las bombas de lavabo y enjuague funcionan correctamente. Comprobamos que el protector electrónico de la bomba lavabo está calibrado incorrectamente, así que lo calibramos correctamente acorde a sus consumos detectados.

- Revisión dosificador detergente >>> Funcionan correctamente, pero los conductos de alimentación necesitan ser sustituidos al estar deteriorados.

- Revisión cierre seguridad de puerta >>> Funciona correctamente.

Conclusión: 
Dejamos la máquina operativa para su funcionamiento. No obstante, recomendamos realizar las siguientes acciones para que la máquina funcione eficientemente:

-	Sustituir junta de puerta y posible rectificación de marco y puerta para evitar fuga de agua.

-	Sustituir todas las resistencias de cuba y calderín para poder alcanzar la temperatura de agua hasta 70°-80° y también obtener una temperatura constante durante los procesos de lavabo.

-	Limpiar de cal el interior de los calderines para mejorar el calentamiento del agua en su interior. | Desplazamiento Cotepa a cliente | Inicio: 2026-05-26T16:54:10.600Z | Fin: 2026-05-26T16:54:10.600Z | Geo inicio (Cotepa): 39.44150, -0.38200 | Geo fin (cliente): 39.56545, -1.22961 | Distancia desplazamiento: 96.22 km | Factura (ida+vuelta): 96.22 km | Tiempo desplazamiento: 1 minutos | Factura (ida+vuelta): 1 minutos | Intervención en cliente | Inicio: 2026-05-26T16:54:10.600Z | Fin: 2026-05-26T17:23:38.647Z | Geo inicio: 39.56545, -1.22961 | Geo fin: 39.56544, -1.22966 | Distancia geo: 0.00 km | Tiempo intervención: 30 minutos | Firmado por: Bea | sb://fotos-intervenciones/82a5fd8a-06ad-47b9-8b39-188ae640f87d/1294edf5-2d29-464c-9b4f-8e20c2bbb4ac/34530525-d347-4c9a-8f81-427e22aa2e7b/1780050777885-2-ly5n3jlx.png | sb://fotos-intervenciones/82a5fd8a-06ad-47b9-8b39-188ae640f87d/1294edf5-2d29-464c-9b4f-8e20c2bbb4ac/34530525-d347-4c9a-8f81-427e22aa2e7b/1780050778173-3-8ls6mq3s.jpg | sb://fotos-intervenciones/82a5fd8a-06ad-47b9-8b39-188ae640f87d/1294edf5-2d29-464c-9b4f-8e20c2bbb4ac/34530525-d347-4c9a-8f81-427e22aa2e7b/1780050778626-4-oc3ff7xl.jpg | sb://fotos-intervenciones/82a5fd8a-06ad-47b9-8b39-188ae640f87d/1294edf5-2d29-464c-9b4f-8e20c2bbb4ac/34530525-d347-4c9a-8f81-427e22aa2e7b/1780050779030-5-m3z33x3v.jpg | sb://fotos-intervenciones/82a5fd8a-06ad-47b9-8b39-188ae640f87d/1294edf5-2d29-464c-9b4f-8e20c2bbb4ac/34530525-d347-4c9a-8f81-427e22aa2e7b/1780050779749-6-cmyux7zu.jpg | sb://fotos-intervenciones/82a5fd8a-06ad-47b9-8b39-188ae640f87d/1294edf5-2d29-464c-9b4f-8e20c2bbb4ac/34530525-d347-4c9a-8f81-427e22aa2e7b/1780050780504-7-xzd79ruh.jpg | sb://fotos-intervenciones/82a5fd8a-06ad-47b9-8b39-188ae640f87d/1294edf5-2d29-464c-9b4f-8e20c2bbb4ac/34530525-d347-4c9a-8f81-427e22aa2e7b/1780050781069-8-pw3mw34z.jpg | sb://fotos-intervenciones/82a5fd8a-06ad-47b9-8b39-188ae640f87d/1294edf5-2d29-464c-9b4f-8e20c2bbb4ac/34530525-d347-4c9a-8f81-427e22aa2e7b/1780050781530-9-e4fl0yhc.jpg | sb://fotos-intervenciones/82a5fd8a-06ad-47b9-8b39-188ae640f87d/1294edf5-2d29-464c-9b4f-8e20c2bbb4ac/34530525-d347-4c9a-8f81-427e22aa2e7b/1780050782166-10-mic1l3pt.jpg | sb://fotos-intervenciones/82a5fd8a-06ad-47b9-8b39-188ae640f87d/1294edf5-2d29-464c-9b4f-8e20c2bbb4ac/34530525-d347-4c9a-8f81-427e22aa2e7b/1780050782550-11-knio38iu.jpg | sb://fotos-intervenciones/82a5fd8a-06ad-47b9-8b39-188ae640f87d/1294edf5-2d29-464c-9b4f-8e20c2bbb4ac/34530525-d347-4c9a-8f81-427e22aa2e7b/1780050783098-12-wbf86ckr.jpg | sb://fotos-intervenciones/82a5fd8a-06ad-47b9-8b39-188ae640f87d/1294edf5-2d29-464c-9b4f-8e20c2bbb4ac/34530525-d347-4c9a-8f81-427e22aa2e7b/1780050777885-2-ly5n3jlx.png | sb://fotos-intervenciones/82a5fd8a-06ad-47b9-8b39-188ae640f87d/1294edf5-2d29-464c-9b4f-8e20c2bbb4ac/34530525-d347-4c9a-8f81-427e22aa2e7b/1780050778173-3-8ls6mq3s.jpg | sb://fotos-intervenciones/82a5fd8a-06ad-47b9-8b39-188ae640f87d/1294edf5-2d29-464c-9b4f-8e20c2bbb4ac/34530525-d347-4c9a-8f81-427e22aa2e7b/1780050778626-4-oc3ff7xl.jpg | sb://fotos-intervenciones/82a5fd8a-06ad-47b9-8b39-188ae640f87d/1294edf5-2d29-464c-9b4f-8e20c2bbb4ac/34530525-d347-4c9a-8f81-427e22aa2e7b/1780050779030-5-m3z33x3v.jpg | sb://fotos-intervenciones/82a5fd8a-06ad-47b9-8b39-188ae640f87d/1294edf5-2d29-464c-9b4f-8e20c2bbb4ac/34530525-d347-4c9a-8f81-427e22aa2e7b/1780050779749-6-cmyux7zu.jpg | sb://fotos-intervenciones/82a5fd8a-06ad-47b9-8b39-188ae640f87d/1294edf5-2d29-464c-9b4f-8e20c2bbb4ac/34530525-d347-4c9a-8f81-427e22aa2e7b/1780050780504-7-xzd79ruh.jpg | sb://fotos-intervenciones/82a5fd8a-06ad-47b9-8b39-188ae640f87d/1294edf5-2d29-464c-9b4f-8e20c2bbb4ac/34530525-d347-4c9a-8f81-427e22aa2e7b/1780050781069-8-pw3mw34z.jpg | sb://fotos-intervenciones/82a5fd8a-06ad-47b9-8b39-188ae640f87d/1294edf5-2d29-464c-9b4f-8e20c2bbb4ac/34530525-d347-4c9a-8f81-427e22aa2e7b/1780050781530-9-e4fl0yhc.jpg | sb://fotos-intervenciones/82a5fd8a-06ad-47b9-8b39-188ae640f87d/1294edf5-2d29-464c-9b4f-8e20c2bbb4ac/34530525-d347-4c9a-8f81-427e22aa2e7b/1780050782166-10-mic1l3pt.jpg | sb://fotos-intervenciones/82a5fd8a-06ad-47b9-8b39-188ae640f87d/1294edf5-2d29-464c-9b4f-8e20c2bbb4ac/34530525-d347-4c9a-8f81-427e22aa2e7b/1780050782550-11-knio38iu.jpg | sb://fotos-intervenciones/82a5fd8a-06ad-47b9-8b39-188ae640f87d/1294edf5-2d29-464c-9b4f-8e20c2bbb4ac/34530525-d347-4c9a-8f81-427e22aa2e7b/1780050783098-12-wbf86ckr.jpg | Fotos intervención: sb://fotos-intervenciones/82a5fd8a-06ad-47b9-8b39-188ae640f87d/1294edf5-2d29-464c-9b4f-8e20c2bbb4ac/34530525-d347-4c9a-8f81-427e22aa2e7b/1780050777273-1-oxguia7k.jpg | sb://fotos-intervenciones/82a5fd8a-06ad-47b9-8b39-188ae640f87d/1294edf5-2d29-464c-9b4f-8e20c2bbb4ac/34530525-d347-4c9a-8f81-427e22aa2e7b/1780050777885-2-ly5n3jlx.png | sb://fotos-intervenciones/82a5fd8a-06ad-47b9-8b39-188ae640f87d/1294edf5-2d29-464c-9b4f-8e20c2bbb4ac/34530525-d347-4c9a-8f81-427e22aa2e7b/1780050778173-3-8ls6mq3s.jpg | sb://fotos-intervenciones/82a5fd8a-06ad-47b9-8b39-188ae640f87d/1294edf5-2d29-464c-9b4f-8e20c2bbb4ac/34530525-d347-4c9a-8f81-427e22aa2e7b/1780050778626-4-oc3ff7xl.jpg | sb://fotos-intervenciones/82a5fd8a-06ad-47b9-8b39-188ae640f87d/1294edf5-2d29-464c-9b4f-8e20c2bbb4ac/34530525-d347-4c9a-8f81-427e22aa2e7b/1780050779030-5-m3z33x3v.jpg | sb://fotos-intervenciones/82a5fd8a-06ad-47b9-8b39-188ae640f87d/1294edf5-2d29-464c-9b4f-8e20c2bbb4ac/34530525-d347-4c9a-8f81-427e22aa2e7b/1780050779749-6-cmyux7zu.jpg | sb://fotos-intervenciones/82a5fd8a-06ad-47b9-8b39-188ae640f87d/1294edf5-2d29-464c-9b4f-8e20c2bbb4ac/34530525-d347-4c9a-8f81-427e22aa2e7b/1780050780504-7-xzd79ruh.jpg | sb://fotos-intervenciones/82a5fd8a-06ad-47b9-8b39-188ae640f87d/1294edf5-2d29-464c-9b4f-8e20c2bbb4ac/34530525-d347-4c9a-8f81-427e22aa2e7b/1780050781069-8-pw3mw34z.jpg | sb://fotos-intervenciones/82a5fd8a-06ad-47b9-8b39-188ae640f87d/1294edf5-2d29-464c-9b4f-8e20c2bbb4ac/34530525-d347-4c9a-8f81-427e22aa2e7b/1780050781530-9-e4fl0yhc.jpg | sb://fotos-intervenciones/82a5fd8a-06ad-47b9-8b39-188ae640f87d/1294edf5-2d29-464c-9b4f-8e20c2bbb4ac/34530525-d347-4c9a-8f81-427e22aa2e7b/1780050782166-10-mic1l3pt.jpg | sb://fotos-intervenciones/82a5fd8a-06ad-47b9-8b39-188ae640f87d/1294edf5-2d29-464c-9b4f-8e20c2bbb4ac/34530525-d347-4c9a-8f81-427e22aa2e7b/1780050782550-11-knio38iu.jpg | sb://fotos-intervenciones/82a5fd8a-06ad-47b9-8b39-188ae640f87d/1294edf5-2d29-464c-9b4f-8e20c2bbb4ac/34530525-d347-4c9a-8f81-427e22aa2e7b/1780050783098-12-wbf86ckr.jpg', 30, 1, 'finalizado', 'media', 'sb://fotos-intervenciones/82a5fd8a-06ad-47b9-8b39-188ae640f87d/1294edf5-2d29-464c-9b4f-8e20c2bbb4ac/34530525-d347-4c9a-8f81-427e22aa2e7b/1780050777273-1-oxguia7k.jpg', 'sb://firmas-clientes/82a5fd8a-06ad-47b9-8b39-188ae640f87d/1294edf5-2d29-464c-9b4f-8e20c2bbb4ac/1779816233992-ch8rjfr5.png', 'sb://informes-partes/82a5fd8a-06ad-47b9-8b39-188ae640f87d/1294edf5-2d29-464c-9b4f-8e20c2bbb4ac/34530525-d347-4c9a-8f81-427e22aa2e7b/SAT-260526-02.pdf', NULL, NULL, 0, 0, '2026-05-26 10:46:00', '2026-05-26 17:23:00', NULL, NULL, NULL, NULL, NULL, NULL, NULL, NULL, NULL, NULL, NULL, NULL, NULL, NULL, NULL, 0, 50, 5.62, 0.5, 169.8, 0, 0, 0, 0, 281, 84.9, 365.9, NULL, '2026-06-06 13:02:54'),
('3488334e-d860-4646-b7c4-fa96f209a389', 37, '195d0805-2e47-4a6a-9640-7ef085cb6322', 'dfbe4a7c-a6a0-4648-8b6c-d2615c0f9ced', '1294edf5-2d29-464c-9b4f-8e20c2bbb4ac', 'Salta el diferencial del cuadro eléctrico local donde está instalado el armario.', 'Comprobamos que la resistencia del condensador provoca derivación al circuito eléctrico del armario. Desconectamos la resistencia del circuito eléctrico y solucionamos el problema. Aconsejamos a cliente que se deberá sustituir la resistencia dañada por una nueva para un óptimo funcionamiento del armario. | Desplazamiento Cotepa a cliente | Inicio: 2026-05-14T12:18:12.462Z | Fin: 2026-05-14T12:18:12.462Z | Geo inicio (Cotepa): 39.44150, -0.38200 | Geo fin (cliente): 39.42800, -0.40616 | Distancia desplazamiento: 3.33 km | Factura (ida+vuelta): 3.33 km | Tiempo desplazamiento: 1 minutos | Factura (ida+vuelta): 1 minutos | Intervención en cliente | Inicio: 2026-05-14T12:18:12.462Z | Fin: 2026-05-14T12:19:33.544Z | Geo inicio: 39.42800, -0.40616 | Geo fin: 39.42800, -0.40616 | Distancia geo: 0.00 km | Tiempo intervención: 2 minutos | Firmado por: Laura | sb://fotos-intervenciones/195d0805-2e47-4a6a-9640-7ef085cb6322/1294edf5-2d29-464c-9b4f-8e20c2bbb4ac/3488334e-d860-4646-b7c4-fa96f209a389/1778761194029-2-14xx9o37.jpg | sb://fotos-intervenciones/195d0805-2e47-4a6a-9640-7ef085cb6322/1294edf5-2d29-464c-9b4f-8e20c2bbb4ac/3488334e-d860-4646-b7c4-fa96f209a389/1778761196281-3-fnhzdy1q.jpg | sb://fotos-intervenciones/195d0805-2e47-4a6a-9640-7ef085cb6322/1294edf5-2d29-464c-9b4f-8e20c2bbb4ac/3488334e-d860-4646-b7c4-fa96f209a389/1778761198308-4-09i7ktj3.jpg | sb://fotos-intervenciones/195d0805-2e47-4a6a-9640-7ef085cb6322/1294edf5-2d29-464c-9b4f-8e20c2bbb4ac/3488334e-d860-4646-b7c4-fa96f209a389/1778761200273-5-rtdvbe1g.jpg | sb://fotos-intervenciones/195d0805-2e47-4a6a-9640-7ef085cb6322/1294edf5-2d29-464c-9b4f-8e20c2bbb4ac/3488334e-d860-4646-b7c4-fa96f209a389/1778761202416-6-jznh2wxc.jpg | Fotos intervención: sb://fotos-intervenciones/195d0805-2e47-4a6a-9640-7ef085cb6322/1294edf5-2d29-464c-9b4f-8e20c2bbb4ac/3488334e-d860-4646-b7c4-fa96f209a389/1778761640020-1-jjwygnwg.jpg | sb://fotos-intervenciones/195d0805-2e47-4a6a-9640-7ef085cb6322/1294edf5-2d29-464c-9b4f-8e20c2bbb4ac/3488334e-d860-4646-b7c4-fa96f209a389/1778761640538-2-nc21k5ks.jpg | sb://fotos-intervenciones/195d0805-2e47-4a6a-9640-7ef085cb6322/1294edf5-2d29-464c-9b4f-8e20c2bbb4ac/3488334e-d860-4646-b7c4-fa96f209a389/1778761641367-3-l1coe0ya.jpg | sb://fotos-intervenciones/195d0805-2e47-4a6a-9640-7ef085cb6322/1294edf5-2d29-464c-9b4f-8e20c2bbb4ac/3488334e-d860-4646-b7c4-fa96f209a389/1778761641821-4-qvh8i485.jpg | sb://fotos-intervenciones/195d0805-2e47-4a6a-9640-7ef085cb6322/1294edf5-2d29-464c-9b4f-8e20c2bbb4ac/3488334e-d860-4646-b7c4-fa96f209a389/1778761642606-5-0ftjcvp3.jpg | sb://fotos-intervenciones/195d0805-2e47-4a6a-9640-7ef085cb6322/1294edf5-2d29-464c-9b4f-8e20c2bbb4ac/3488334e-d860-4646-b7c4-fa96f209a389/1778761642995-6-lq1b5kgt.jpg', 2, 1, 'finalizado', 'baja', 'sb://fotos-intervenciones/195d0805-2e47-4a6a-9640-7ef085cb6322/1294edf5-2d29-464c-9b4f-8e20c2bbb4ac/3488334e-d860-4646-b7c4-fa96f209a389/1778761640020-1-jjwygnwg.jpg', 'sb://firmas-clientes/195d0805-2e47-4a6a-9640-7ef085cb6322/1294edf5-2d29-464c-9b4f-8e20c2bbb4ac/1778761191679-7th1rm4r.png', 'sb://informes-partes/195d0805-2e47-4a6a-9640-7ef085cb6322/1294edf5-2d29-464c-9b4f-8e20c2bbb4ac/3488334e-d860-4646-b7c4-fa96f209a389/SAT-260506-03.pdf', NULL, NULL, 0, 0, '2026-05-06 11:38:00', '2026-05-06 12:44:00', NULL, NULL, NULL, NULL, NULL, NULL, NULL, NULL, NULL, NULL, NULL, NULL, NULL, NULL, NULL, 0, 50, 1.1, 0.5, 242, 0, 0, 0, 0, 55, 121, 176, NULL, '2026-06-06 13:02:54'),
('365c7562-055a-4135-8bb4-663ba5d61774', 65, '1114413a-3a94-4031-8132-ab9dfa540fc3', '89a41420-7024-4a8d-a14b-18a7516d17a8', '1294edf5-2d29-464c-9b4f-8e20c2bbb4ac', 'La turbina de ventilación está dañada y necesita ser sustituida.', 'Sustituimos turbina motor con hélice de ventilación y solucionamos el problema. | Desplazamiento Cotepa a cliente | Inicio: 2026-06-10T15:29:47.049Z | Fin: 2026-06-10T15:29:47.049Z | Distancia desplazamiento: 0.00 km | Factura (ida+vuelta): 0.00 km | Tiempo desplazamiento: 1 minutos | Factura (ida+vuelta): 1 minutos | Intervención en cliente | Inicio: 2026-06-10T15:29:47.049Z | Fin: 2026-06-10T17:51:16.417Z | Geo fin: 39.42561, -0.38274 | Distancia geo: 0.00 km | Tiempo intervención: 142 minutos | Firmado por: Eva | sb://fotos-intervenciones/1114413a-3a94-4031-8132-ab9dfa540fc3/1294edf5-2d29-464c-9b4f-8e20c2bbb4ac/365c7562-055a-4135-8bb4-663ba5d61774/1781113918797-2-tt2hosrx.jpg | sb://fotos-intervenciones/1114413a-3a94-4031-8132-ab9dfa540fc3/1294edf5-2d29-464c-9b4f-8e20c2bbb4ac/365c7562-055a-4135-8bb4-663ba5d61774/1781113920486-3-jwzjrags.jpg | sb://fotos-intervenciones/1114413a-3a94-4031-8132-ab9dfa540fc3/1294edf5-2d29-464c-9b4f-8e20c2bbb4ac/365c7562-055a-4135-8bb4-663ba5d61774/1781113922762-4-0qtm5zsy.jpg | sb://fotos-intervenciones/1114413a-3a94-4031-8132-ab9dfa540fc3/1294edf5-2d29-464c-9b4f-8e20c2bbb4ac/365c7562-055a-4135-8bb4-663ba5d61774/1781113924505-5-50psn5j4.jpg | Fotos intervención: sb://fotos-intervenciones/1114413a-3a94-4031-8132-ab9dfa540fc3/1294edf5-2d29-464c-9b4f-8e20c2bbb4ac/365c7562-055a-4135-8bb4-663ba5d61774/1781113915648-1-4k05da3o.jpg | sb://fotos-intervenciones/1114413a-3a94-4031-8132-ab9dfa540fc3/1294edf5-2d29-464c-9b4f-8e20c2bbb4ac/365c7562-055a-4135-8bb4-663ba5d61774/1781113918797-2-tt2hosrx.jpg | sb://fotos-intervenciones/1114413a-3a94-4031-8132-ab9dfa540fc3/1294edf5-2d29-464c-9b4f-8e20c2bbb4ac/365c7562-055a-4135-8bb4-663ba5d61774/1781113920486-3-jwzjrags.jpg | sb://fotos-intervenciones/1114413a-3a94-4031-8132-ab9dfa540fc3/1294edf5-2d29-464c-9b4f-8e20c2bbb4ac/365c7562-055a-4135-8bb4-663ba5d61774/1781113922762-4-0qtm5zsy.jpg | sb://fotos-intervenciones/1114413a-3a94-4031-8132-ab9dfa540fc3/1294edf5-2d29-464c-9b4f-8e20c2bbb4ac/365c7562-055a-4135-8bb4-663ba5d61774/1781113924505-5-50psn5j4.jpg', 142, 1, 'finalizado', 'media', 'sb://fotos-intervenciones/1114413a-3a94-4031-8132-ab9dfa540fc3/1294edf5-2d29-464c-9b4f-8e20c2bbb4ac/365c7562-055a-4135-8bb4-663ba5d61774/1781113915648-1-4k05da3o.jpg', 'sb://firmas-clientes/1114413a-3a94-4031-8132-ab9dfa540fc3/1294edf5-2d29-464c-9b4f-8e20c2bbb4ac/1781113915033-j6sykeak.png', 'sb://informes-partes/1114413a-3a94-4031-8132-ab9dfa540fc3/1294edf5-2d29-464c-9b4f-8e20c2bbb4ac/365c7562-055a-4135-8bb4-663ba5d61774/SAT-260610-03.pdf', NULL, NULL, 0, 0, '2026-06-10 15:29:00', '2026-06-10 17:51:00', NULL, NULL, NULL, NULL, NULL, NULL, NULL, NULL, NULL, NULL, NULL, NULL, NULL, NULL, NULL, 1230, 50, 2.37, 0.5, 6, 0, 0, 0, 0, 118.5, 3, 1351.5, NULL, '2026-06-12 13:08:15'),
('39226f9d-4af8-4712-b6cc-70c5f836d795', 60, '6757c7c3-c9ec-4e46-af5d-a634ceadb92a', '09caee34-1a01-4499-98f3-81e74daa39f0', '416fdb79-ee10-445c-8f85-28dc1f4b957a', 'La temperatura no corta aleatoriamente.', 'Compruebo controles y funcionan bien. Sustituyo placa de relés. 
Informo al cliente que observe en estos días si se repite el fallo. 
Se recomienda limitar la tensión del local. | Desplazamiento Cotepa a cliente | Inicio: 2026-06-09T09:30:36.732Z | Fin: 2026-06-09T09:30:36.732Z | Geo inicio (Cotepa): 39.44150, -0.38200 | Geo fin (cliente): 37.38201, -6.00385 | Distancia desplazamiento: 702.75 km | Factura (ida+vuelta): 702.75 km | Tiempo desplazamiento: 1 minutos | Factura (ida+vuelta): 1 minutos | Intervención en cliente | Inicio: 2026-06-09T09:30:36.732Z | Fin: 2026-06-09T10:51:32.893Z | Geo inicio: 37.38201, -6.00385 | Geo fin: 37.38194, -6.00377 | Distancia geo: 0.01 km | Tiempo intervención: 81 minutos | Firmado por: Carlos | sb://fotos-intervenciones/6757c7c3-c9ec-4e46-af5d-a634ceadb92a/416fdb79-ee10-445c-8f85-28dc1f4b957a/39226f9d-4af8-4712-b6cc-70c5f836d795/1781002360489-2-u0yaa7w2.jpg | sb://fotos-intervenciones/6757c7c3-c9ec-4e46-af5d-a634ceadb92a/416fdb79-ee10-445c-8f85-28dc1f4b957a/39226f9d-4af8-4712-b6cc-70c5f836d795/1781002361242-3-ghj562fi.jpg | sb://fotos-intervenciones/6757c7c3-c9ec-4e46-af5d-a634ceadb92a/416fdb79-ee10-445c-8f85-28dc1f4b957a/39226f9d-4af8-4712-b6cc-70c5f836d795/1781002361872-4-u8b9nswy.jpg | Fotos intervención: sb://fotos-intervenciones/6757c7c3-c9ec-4e46-af5d-a634ceadb92a/416fdb79-ee10-445c-8f85-28dc1f4b957a/39226f9d-4af8-4712-b6cc-70c5f836d795/1781002359502-1-22q8wx3a.jpg | sb://fotos-intervenciones/6757c7c3-c9ec-4e46-af5d-a634ceadb92a/416fdb79-ee10-445c-8f85-28dc1f4b957a/39226f9d-4af8-4712-b6cc-70c5f836d795/1781002360489-2-u0yaa7w2.jpg | sb://fotos-intervenciones/6757c7c3-c9ec-4e46-af5d-a634ceadb92a/416fdb79-ee10-445c-8f85-28dc1f4b957a/39226f9d-4af8-4712-b6cc-70c5f836d795/1781002361242-3-ghj562fi.jpg | sb://fotos-intervenciones/6757c7c3-c9ec-4e46-af5d-a634ceadb92a/416fdb79-ee10-445c-8f85-28dc1f4b957a/39226f9d-4af8-4712-b6cc-70c5f836d795/1781002361872-4-u8b9nswy.jpg', 81, 1, 'finalizado', 'media', 'sb://fotos-intervenciones/6757c7c3-c9ec-4e46-af5d-a634ceadb92a/416fdb79-ee10-445c-8f85-28dc1f4b957a/39226f9d-4af8-4712-b6cc-70c5f836d795/1781002359502-1-22q8wx3a.jpg', 'sb://firmas-clientes/6757c7c3-c9ec-4e46-af5d-a634ceadb92a/416fdb79-ee10-445c-8f85-28dc1f4b957a/1781002358527-3lvpgxy9.png', 'sb://informes-partes/6757c7c3-c9ec-4e46-af5d-a634ceadb92a/416fdb79-ee10-445c-8f85-28dc1f4b957a/39226f9d-4af8-4712-b6cc-70c5f836d795/SAT-260609-02.pdf', NULL, NULL, 0, 0, '2026-06-09 09:30:36', '2026-06-09 10:51:32', NULL, NULL, NULL, NULL, NULL, NULL, NULL, NULL, NULL, NULL, NULL, NULL, NULL, NULL, NULL, 0, NULL, NULL, NULL, 1405.5, 0, 0, 0, 0, NULL, NULL, 0, NULL, '2026-06-09 10:59:35'),
('3e328047-7369-4af8-8270-52cbd0dcd7b5', 47, '195d0805-2e47-4a6a-9640-7ef085cb6322', '9e991b23-aa12-4cef-873c-11c024f3bd1f', '1294edf5-2d29-464c-9b4f-8e20c2bbb4ac', 'No funciona el vapor en ningún piso del horno.', 'Realizamos las siguientes acciones en el horno: 
 
- Piso 1 >>> Detectamos que el tubo de entrada agua en vaporera está dañado y necesita ser sustituido por uno nuevo. Se requiere desinstalar vaporera de horno y llevar a taller para sustituir tubo de entrada agua. También detectamos que la resistencia de vaporera provoca derivación en circuito eléctrico y salta el diferencial en cuadro eléctrico del local, así que la desconectamos del cuadro eléctrico del horno. 
 
- Piso 2 >>> Detectamos que el tubo de entrada agua en vaporera está dañado, así que saneamos el tubo y logramos conectar la entrada agua a la vaporera. También detectamos que la resistencia de vaporera provoca derivación en circuito eléctrico y salta el diferencial en cuadro eléctrico del local, así que la sustituimos por resistencia enviada a cliente el 27/04/26 (factura nº2026/88) y solucionamos el problema de vapor en piso. 
 
- Piso 3 >>> Detectamos que el tubo de entrada agua en vaporera está dañado, así que saneamos el tubo y logramos conectar la entrada agua a la vaporera. También detectamos que la resistencia de vaporera provoca derivación en circuito eléctrico y salta el diferencial en cuadro eléctrico del local, así que la sustituimos por nueva resistencia y solucionamos el problema de vapor en piso. Saneamos el interior de la vaporera de cal para poder retirar la resistencia y sustituirla por la nueva resistencia. 
 
- Piso 4 >>> Detectamos que la resistencia de vaporera provoca derivación en circuito eléctrico y salta el diferencial en cuadro eléctrico del local, así que la sustituimos por nueva resistencia y solucionamos el problema de vapor en piso. 
 
- Circuito entrada agua a vaporeras >>> Detectamos fuga agua en tubos conectados desde la entrada agua al horno hasta electroválvulas entrada de agua a las vaporeras del horno. También detectamos fuga de agua en electroválvula de agua al piso 3 por estar dañada. Saneamos el circuito de tubos y sustituimos electroválvula de agua por una nueva en piso 3, solucionando así el problema de fugas de agua comentado. Eliminamos la electroválvula de agua en piso 1 del circuito de agua al no estar operativa la vaporera de dicho piso por las razones descritas arriba. Dejamos dicha electroválvula de agua en bolsa a parte e informamos a cliente de su ubicación al local. 
 
Sugerencias y requisitos a realizar después del parte de trabajo >>> se recomienda sanear el interior de las vaporeras en pisos 1, 2 y 4 para un óptimo funcionamiento. Se requiere reparar el tubo de entrada agua en vaporera de piso 1 para solucionar el problema de la vaporera. Se requiere la instalación de un descalcificador en la entrada de agua al horno para prolongar notoriamente la vida de todas las vaporeras instaladas al horno. | Desplazamiento Cotepa a cliente | Inicio: 2026-05-27T18:24:01.201Z | Fin: 2026-05-27T18:24:01.201Z | Geo inicio (Cotepa): 39.44150, -0.38200 | Geo fin (cliente): 38.68781, 0.13498 | Distancia desplazamiento: 123.44 km | Factura (ida+vuelta): 123.44 km | Tiempo desplazamiento: 1 minutos | Factura (ida+vuelta): 1 minutos | Intervención en cliente | Inicio: 2026-05-27T18:24:01.201Z | Fin: 2026-05-27T18:35:43.701Z | Geo inicio: 38.68781, 0.13498 | Geo fin: 38.68783, 0.13495 | Distancia geo: 0.00 km | Tiempo intervención: 12 minutos | Firmado por: Sonnia | sb://fotos-intervenciones/195d0805-2e47-4a6a-9640-7ef085cb6322/1294edf5-2d29-464c-9b4f-8e20c2bbb4ac/3e328047-7369-4af8-8270-52cbd0dcd7b5/1780054070869-2-pm00yrmr.jpg | sb://fotos-intervenciones/195d0805-2e47-4a6a-9640-7ef085cb6322/1294edf5-2d29-464c-9b4f-8e20c2bbb4ac/3e328047-7369-4af8-8270-52cbd0dcd7b5/1780054072887-3-re6n64z2.jpg | sb://fotos-intervenciones/195d0805-2e47-4a6a-9640-7ef085cb6322/1294edf5-2d29-464c-9b4f-8e20c2bbb4ac/3e328047-7369-4af8-8270-52cbd0dcd7b5/1780054073333-4-nkg8dbbm.jpg | sb://fotos-intervenciones/195d0805-2e47-4a6a-9640-7ef085cb6322/1294edf5-2d29-464c-9b4f-8e20c2bbb4ac/3e328047-7369-4af8-8270-52cbd0dcd7b5/1780054073943-5-qp5bwmz6.jpg | sb://fotos-intervenciones/195d0805-2e47-4a6a-9640-7ef085cb6322/1294edf5-2d29-464c-9b4f-8e20c2bbb4ac/3e328047-7369-4af8-8270-52cbd0dcd7b5/1780054074324-6-krguaw9w.jpg | sb://fotos-intervenciones/195d0805-2e47-4a6a-9640-7ef085cb6322/1294edf5-2d29-464c-9b4f-8e20c2bbb4ac/3e328047-7369-4af8-8270-52cbd0dcd7b5/1780054075067-7-nuvw5wn2.jpg | sb://fotos-intervenciones/195d0805-2e47-4a6a-9640-7ef085cb6322/1294edf5-2d29-464c-9b4f-8e20c2bbb4ac/3e328047-7369-4af8-8270-52cbd0dcd7b5/1780054075947-8-2ncp7mh3.jpg | sb://fotos-intervenciones/195d0805-2e47-4a6a-9640-7ef085cb6322/1294edf5-2d29-464c-9b4f-8e20c2bbb4ac/3e328047-7369-4af8-8270-52cbd0dcd7b5/1780054070869-2-pm00yrmr.jpg | sb://fotos-intervenciones/195d0805-2e47-4a6a-9640-7ef085cb6322/1294edf5-2d29-464c-9b4f-8e20c2bbb4ac/3e328047-7369-4af8-8270-52cbd0dcd7b5/1780054072887-3-re6n64z2.jpg | sb://fotos-intervenciones/195d0805-2e47-4a6a-9640-7ef085cb6322/1294edf5-2d29-464c-9b4f-8e20c2bbb4ac/3e328047-7369-4af8-8270-52cbd0dcd7b5/1780054073333-4-nkg8dbbm.jpg | sb://fotos-intervenciones/195d0805-2e47-4a6a-9640-7ef085cb6322/1294edf5-2d29-464c-9b4f-8e20c2bbb4ac/3e328047-7369-4af8-8270-52cbd0dcd7b5/1780054073943-5-qp5bwmz6.jpg | sb://fotos-intervenciones/195d0805-2e47-4a6a-9640-7ef085cb6322/1294edf5-2d29-464c-9b4f-8e20c2bbb4ac/3e328047-7369-4af8-8270-52cbd0dcd7b5/1780054074324-6-krguaw9w.jpg | sb://fotos-intervenciones/195d0805-2e47-4a6a-9640-7ef085cb6322/1294edf5-2d29-464c-9b4f-8e20c2bbb4ac/3e328047-7369-4af8-8270-52cbd0dcd7b5/1780054075067-7-nuvw5wn2.jpg | sb://fotos-intervenciones/195d0805-2e47-4a6a-9640-7ef085cb6322/1294edf5-2d29-464c-9b4f-8e20c2bbb4ac/3e328047-7369-4af8-8270-52cbd0dcd7b5/1780054075947-8-2ncp7mh3.jpg | sb://fotos-intervenciones/195d0805-2e47-4a6a-9640-7ef085cb6322/1294edf5-2d29-464c-9b4f-8e20c2bbb4ac/3e328047-7369-4af8-8270-52cbd0dcd7b5/1780054070869-2-pm00yrmr.jpg | sb://fotos-intervenciones/195d0805-2e47-4a6a-9640-7ef085cb6322/1294edf5-2d29-464c-9b4f-8e20c2bbb4ac/3e328047-7369-4af8-8270-52cbd0dcd7b5/1780054072887-3-re6n64z2.jpg | sb://fotos-intervenciones/195d0805-2e47-4a6a-9640-7ef085cb6322/1294edf5-2d29-464c-9b4f-8e20c2bbb4ac/3e328047-7369-4af8-8270-52cbd0dcd7b5/1780054073333-4-nkg8dbbm.jpg | sb://fotos-intervenciones/195d0805-2e47-4a6a-9640-7ef085cb6322/1294edf5-2d29-464c-9b4f-8e20c2bbb4ac/3e328047-7369-4af8-8270-52cbd0dcd7b5/1780054073943-5-qp5bwmz6.jpg | sb://fotos-intervenciones/195d0805-2e47-4a6a-9640-7ef085cb6322/1294edf5-2d29-464c-9b4f-8e20c2bbb4ac/3e328047-7369-4af8-8270-52cbd0dcd7b5/1780054074324-6-krguaw9w.jpg | sb://fotos-intervenciones/195d0805-2e47-4a6a-9640-7ef085cb6322/1294edf5-2d29-464c-9b4f-8e20c2bbb4ac/3e328047-7369-4af8-8270-52cbd0dcd7b5/1780054075067-7-nuvw5wn2.jpg | sb://fotos-intervenciones/195d0805-2e47-4a6a-9640-7ef085cb6322/1294edf5-2d29-464c-9b4f-8e20c2bbb4ac/3e328047-7369-4af8-8270-52cbd0dcd7b5/1780054075947-8-2ncp7mh3.jpg | sb://fotos-intervenciones/195d0805-2e47-4a6a-9640-7ef085cb6322/1294edf5-2d29-464c-9b4f-8e20c2bbb4ac/3e328047-7369-4af8-8270-52cbd0dcd7b5/1780054070869-2-pm00yrmr.jpg | sb://fotos-intervenciones/195d0805-2e47-4a6a-9640-7ef085cb6322/1294edf5-2d29-464c-9b4f-8e20c2bbb4ac/3e328047-7369-4af8-8270-52cbd0dcd7b5/1780054072887-3-re6n64z2.jpg | sb://fotos-intervenciones/195d0805-2e47-4a6a-9640-7ef085cb6322/1294edf5-2d29-464c-9b4f-8e20c2bbb4ac/3e328047-7369-4af8-8270-52cbd0dcd7b5/1780054073333-4-nkg8dbbm.jpg | sb://fotos-intervenciones/195d0805-2e47-4a6a-9640-7ef085cb6322/1294edf5-2d29-464c-9b4f-8e20c2bbb4ac/3e328047-7369-4af8-8270-52cbd0dcd7b5/1780054073943-5-qp5bwmz6.jpg | sb://fotos-intervenciones/195d0805-2e47-4a6a-9640-7ef085cb6322/1294edf5-2d29-464c-9b4f-8e20c2bbb4ac/3e328047-7369-4af8-8270-52cbd0dcd7b5/1780054074324-6-krguaw9w.jpg | sb://fotos-intervenciones/195d0805-2e47-4a6a-9640-7ef085cb6322/1294edf5-2d29-464c-9b4f-8e20c2bbb4ac/3e328047-7369-4af8-8270-52cbd0dcd7b5/1780054075067-7-nuvw5wn2.jpg | sb://fotos-intervenciones/195d0805-2e47-4a6a-9640-7ef085cb6322/1294edf5-2d29-464c-9b4f-8e20c2bbb4ac/3e328047-7369-4af8-8270-52cbd0dcd7b5/1780054075947-8-2ncp7mh3.jpg | sb://fotos-intervenciones/195d0805-2e47-4a6a-9640-7ef085cb6322/1294edf5-2d29-464c-9b4f-8e20c2bbb4ac/3e328047-7369-4af8-8270-52cbd0dcd7b5/1780054070869-2-pm00yrmr.jpg | sb://fotos-intervenciones/195d0805-2e47-4a6a-9640-7ef085cb6322/1294edf5-2d29-464c-9b4f-8e20c2bbb4ac/3e328047-7369-4af8-8270-52cbd0dcd7b5/1780054072887-3-re6n64z2.jpg | sb://fotos-intervenciones/195d0805-2e47-4a6a-9640-7ef085cb6322/1294edf5-2d29-464c-9b4f-8e20c2bbb4ac/3e328047-7369-4af8-8270-52cbd0dcd7b5/1780054073333-4-nkg8dbbm.jpg | sb://fotos-intervenciones/195d0805-2e47-4a6a-9640-7ef085cb6322/1294edf5-2d29-464c-9b4f-8e20c2bbb4ac/3e328047-7369-4af8-8270-52cbd0dcd7b5/1780054073943-5-qp5bwmz6.jpg | sb://fotos-intervenciones/195d0805-2e47-4a6a-9640-7ef085cb6322/1294edf5-2d29-464c-9b4f-8e20c2bbb4ac/3e328047-7369-4af8-8270-52cbd0dcd7b5/1780054074324-6-krguaw9w.jpg | sb://fotos-intervenciones/195d0805-2e47-4a6a-9640-7ef085cb6322/1294edf5-2d29-464c-9b4f-8e20c2bbb4ac/3e328047-7369-4af8-8270-52cbd0dcd7b5/1780054075067-7-nuvw5wn2.jpg | sb://fotos-intervenciones/195d0805-2e47-4a6a-9640-7ef085cb6322/1294edf5-2d29-464c-9b4f-8e20c2bbb4ac/3e328047-7369-4af8-8270-52cbd0dcd7b5/1780054075947-8-2ncp7mh3.jpg | sb://fotos-intervenciones/195d0805-2e47-4a6a-9640-7ef085cb6322/1294edf5-2d29-464c-9b4f-8e20c2bbb4ac/3e328047-7369-4af8-8270-52cbd0dcd7b5/1780054070869-2-pm00yrmr.jpg | sb://fotos-intervenciones/195d0805-2e47-4a6a-9640-7ef085cb6322/1294edf5-2d29-464c-9b4f-8e20c2bbb4ac/3e328047-7369-4af8-8270-52cbd0dcd7b5/1780054072887-3-re6n64z2.jpg | sb://fotos-intervenciones/195d0805-2e47-4a6a-9640-7ef085cb6322/1294edf5-2d29-464c-9b4f-8e20c2bbb4ac/3e328047-7369-4af8-8270-52cbd0dcd7b5/1780054073333-4-nkg8dbbm.jpg | sb://fotos-intervenciones/195d0805-2e47-4a6a-9640-7ef085cb6322/1294edf5-2d29-464c-9b4f-8e20c2bbb4ac/3e328047-7369-4af8-8270-52cbd0dcd7b5/1780054073943-5-qp5bwmz6.jpg | sb://fotos-intervenciones/195d0805-2e47-4a6a-9640-7ef085cb6322/1294edf5-2d29-464c-9b4f-8e20c2bbb4ac/3e328047-7369-4af8-8270-52cbd0dcd7b5/1780054074324-6-krguaw9w.jpg | sb://fotos-intervenciones/195d0805-2e47-4a6a-9640-7ef085cb6322/1294edf5-2d29-464c-9b4f-8e20c2bbb4ac/3e328047-7369-4af8-8270-52cbd0dcd7b5/1780054075067-7-nuvw5wn2.jpg | sb://fotos-intervenciones/195d0805-2e47-4a6a-9640-7ef085cb6322/1294edf5-2d29-464c-9b4f-8e20c2bbb4ac/3e328047-7369-4af8-8270-52cbd0dcd7b5/1780054075947-8-2ncp7mh3.jpg | sb://fotos-intervenciones/195d0805-2e47-4a6a-9640-7ef085cb6322/1294edf5-2d29-464c-9b4f-8e20c2bbb4ac/3e328047-7369-4af8-8270-52cbd0dcd7b5/1780054070869-2-pm00yrmr.jpg | sb://fotos-intervenciones/195d0805-2e47-4a6a-9640-7ef085cb6322/1294edf5-2d29-464c-9b4f-8e20c2bbb4ac/3e328047-7369-4af8-8270-52cbd0dcd7b5/1780054072887-3-re6n64z2.jpg | sb://fotos-intervenciones/195d0805-2e47-4a6a-9640-7ef085cb6322/1294edf5-2d29-464c-9b4f-8e20c2bbb4ac/3e328047-7369-4af8-8270-52cbd0dcd7b5/1780054073333-4-nkg8dbbm.jpg | sb://fotos-intervenciones/195d0805-2e47-4a6a-9640-7ef085cb6322/1294edf5-2d29-464c-9b4f-8e20c2bbb4ac/3e328047-7369-4af8-8270-52cbd0dcd7b5/1780054073943-5-qp5bwmz6.jpg | sb://fotos-intervenciones/195d0805-2e47-4a6a-9640-7ef085cb6322/1294edf5-2d29-464c-9b4f-8e20c2bbb4ac/3e328047-7369-4af8-8270-52cbd0dcd7b5/1780054074324-6-krguaw9w.jpg | sb://fotos-intervenciones/195d0805-2e47-4a6a-9640-7ef085cb6322/1294edf5-2d29-464c-9b4f-8e20c2bbb4ac/3e328047-7369-4af8-8270-52cbd0dcd7b5/1780054075067-7-nuvw5wn2.jpg | sb://fotos-intervenciones/195d0805-2e47-4a6a-9640-7ef085cb6322/1294edf5-2d29-464c-9b4f-8e20c2bbb4ac/3e328047-7369-4af8-8270-52cbd0dcd7b5/1780054075947-8-2ncp7mh3.jpg | sb://fotos-intervenciones/195d0805-2e47-4a6a-9640-7ef085cb6322/1294edf5-2d29-464c-9b4f-8e20c2bbb4ac/3e328047-7369-4af8-8270-52cbd0dcd7b5/1780054070869-2-pm00yrmr.jpg | sb://fotos-intervenciones/195d0805-2e47-4a6a-9640-7ef085cb6322/1294edf5-2d29-464c-9b4f-8e20c2bbb4ac/3e328047-7369-4af8-8270-52cbd0dcd7b5/1780054072887-3-re6n64z2.jpg | sb://fotos-intervenciones/195d0805-2e47-4a6a-9640-7ef085cb6322/1294edf5-2d29-464c-9b4f-8e20c2bbb4ac/3e328047-7369-4af8-8270-52cbd0dcd7b5/1780054073333-4-nkg8dbbm.jpg | sb://fotos-intervenciones/195d0805-2e47-4a6a-9640-7ef085cb6322/1294edf5-2d29-464c-9b4f-8e20c2bbb4ac/3e328047-7369-4af8-8270-52cbd0dcd7b5/1780054073943-5-qp5bwmz6.jpg | sb://fotos-intervenciones/195d0805-2e47-4a6a-9640-7ef085cb6322/1294edf5-2d29-464c-9b4f-8e20c2bbb4ac/3e328047-7369-4af8-8270-52cbd0dcd7b5/1780054074324-6-krguaw9w.jpg | sb://fotos-intervenciones/195d0805-2e47-4a6a-9640-7ef085cb6322/1294edf5-2d29-464c-9b4f-8e20c2bbb4ac/3e328047-7369-4af8-8270-52cbd0dcd7b5/1780054075067-7-nuvw5wn2.jpg | sb://fotos-intervenciones/195d0805-2e47-4a6a-9640-7ef085cb6322/1294edf5-2d29-464c-9b4f-8e20c2bbb4ac/3e328047-7369-4af8-8270-52cbd0dcd7b5/1780054075947-8-2ncp7mh3.jpg | sb://fotos-intervenciones/195d0805-2e47-4a6a-9640-7ef085cb6322/1294edf5-2d29-464c-9b4f-8e20c2bbb4ac/3e328047-7369-4af8-8270-52cbd0dcd7b5/1780054070869-2-pm00yrmr.jpg | sb://fotos-intervenciones/195d0805-2e47-4a6a-9640-7ef085cb6322/1294edf5-2d29-464c-9b4f-8e20c2bbb4ac/3e328047-7369-4af8-8270-52cbd0dcd7b5/1780054072887-3-re6n64z2.jpg | sb://fotos-intervenciones/195d0805-2e47-4a6a-9640-7ef085cb6322/1294edf5-2d29-464c-9b4f-8e20c2bbb4ac/3e328047-7369-4af8-8270-52cbd0dcd7b5/1780054073333-4-nkg8dbbm.jpg | sb://fotos-intervenciones/195d0805-2e47-4a6a-9640-7ef085cb6322/1294edf5-2d29-464c-9b4f-8e20c2bbb4ac/3e328047-7369-4af8-8270-52cbd0dcd7b5/1780054073943-5-qp5bwmz6.jpg | sb://fotos-intervenciones/195d0805-2e47-4a6a-9640-7ef085cb6322/1294edf5-2d29-464c-9b4f-8e20c2bbb4ac/3e328047-7369-4af8-8270-52cbd0dcd7b5/1780054074324-6-krguaw9w.jpg | sb://fotos-intervenciones/195d0805-2e47-4a6a-9640-7ef085cb6322/1294edf5-2d29-464c-9b4f-8e20c2bbb4ac/3e328047-7369-4af8-8270-52cbd0dcd7b5/1780054075067-7-nuvw5wn2.jpg | sb://fotos-intervenciones/195d0805-2e47-4a6a-9640-7ef085cb6322/1294edf5-2d29-464c-9b4f-8e20c2bbb4ac/3e328047-7369-4af8-8270-52cbd0dcd7b5/1780054075947-8-2ncp7mh3.jpg | sb://fotos-intervenciones/195d0805-2e47-4a6a-9640-7ef085cb6322/1294edf5-2d29-464c-9b4f-8e20c2bbb4ac/3e328047-7369-4af8-8270-52cbd0dcd7b5/1780054070869-2-pm00yrmr.jpg | sb://fotos-intervenciones/195d0805-2e47-4a6a-9640-7ef085cb6322/1294edf5-2d29-464c-9b4f-8e20c2bbb4ac/3e328047-7369-4af8-8270-52cbd0dcd7b5/1780054072887-3-re6n64z2.jpg | sb://fotos-intervenciones/195d0805-2e47-4a6a-9640-7ef085cb6322/1294edf5-2d29-464c-9b4f-8e20c2bbb4ac/3e328047-7369-4af8-8270-52cbd0dcd7b5/1780054073333-4-nkg8dbbm.jpg | sb://fotos-intervenciones/195d0805-2e47-4a6a-9640-7ef085cb6322/1294edf5-2d29-464c-9b4f-8e20c2bbb4ac/3e328047-7369-4af8-8270-52cbd0dcd7b5/1780054073943-5-qp5bwmz6.jpg | sb://fotos-intervenciones/195d0805-2e47-4a6a-9640-7ef085cb6322/1294edf5-2d29-464c-9b4f-8e20c2bbb4ac/3e328047-7369-4af8-8270-52cbd0dcd7b5/1780054074324-6-krguaw9w.jpg | sb://fotos-intervenciones/195d0805-2e47-4a6a-9640-7ef085cb6322/1294edf5-2d29-464c-9b4f-8e20c2bbb4ac/3e328047-7369-4af8-8270-52cbd0dcd7b5/1780054075067-7-nuvw5wn2.jpg | sb://fotos-intervenciones/195d0805-2e47-4a6a-9640-7ef085cb6322/1294edf5-2d29-464c-9b4f-8e20c2bbb4ac/3e328047-7369-4af8-8270-52cbd0dcd7b5/1780054075947-8-2ncp7mh3.jpg | sb://fotos-intervenciones/195d0805-2e47-4a6a-9640-7ef085cb6322/1294edf5-2d29-464c-9b4f-8e20c2bbb4ac/3e328047-7369-4af8-8270-52cbd0dcd7b5/1780054070869-2-pm00yrmr.jpg | sb://fotos-intervenciones/195d0805-2e47-4a6a-9640-7ef085cb6322/1294edf5-2d29-464c-9b4f-8e20c2bbb4ac/3e328047-7369-4af8-8270-52cbd0dcd7b5/1780054072887-3-re6n64z2.jpg | sb://fotos-intervenciones/195d0805-2e47-4a6a-9640-7ef085cb6322/1294edf5-2d29-464c-9b4f-8e20c2bbb4ac/3e328047-7369-4af8-8270-52cbd0dcd7b5/1780054073333-4-nkg8dbbm.jpg | sb://fotos-intervenciones/195d0805-2e47-4a6a-9640-7ef085cb6322/1294edf5-2d29-464c-9b4f-8e20c2bbb4ac/3e328047-7369-4af8-8270-52cbd0dcd7b5/1780054073943-5-qp5bwmz6.jpg | sb://fotos-intervenciones/195d0805-2e47-4a6a-9640-7ef085cb6322/1294edf5-2d29-464c-9b4f-8e20c2bbb4ac/3e328047-7369-4af8-8270-52cbd0dcd7b5/1780054074324-6-krguaw9w.jpg | sb://fotos-intervenciones/195d0805-2e47-4a6a-9640-7ef085cb6322/1294edf5-2d29-464c-9b4f-8e20c2bbb4ac/3e328047-7369-4af8-8270-52cbd0dcd7b5/1780054075067-7-nuvw5wn2.jpg | sb://fotos-intervenciones/195d0805-2e47-4a6a-9640-7ef085cb6322/1294edf5-2d29-464c-9b4f-8e20c2bbb4ac/3e328047-7369-4af8-8270-52cbd0dcd7b5/1780054075947-8-2ncp7mh3.jpg | Fotos intervención: sb://fotos-intervenciones/195d0805-2e47-4a6a-9640-7ef085cb6322/1294edf5-2d29-464c-9b4f-8e20c2bbb4ac/3e328047-7369-4af8-8270-52cbd0dcd7b5/1780054070416-1-co5si5ys.jpg | sb://fotos-intervenciones/195d0805-2e47-4a6a-9640-7ef085cb6322/1294edf5-2d29-464c-9b4f-8e20c2bbb4ac/3e328047-7369-4af8-8270-52cbd0dcd7b5/1780054070869-2-pm00yrmr.jpg | sb://fotos-intervenciones/195d0805-2e47-4a6a-9640-7ef085cb6322/1294edf5-2d29-464c-9b4f-8e20c2bbb4ac/3e328047-7369-4af8-8270-52cbd0dcd7b5/1780054072887-3-re6n64z2.jpg | sb://fotos-intervenciones/195d0805-2e47-4a6a-9640-7ef085cb6322/1294edf5-2d29-464c-9b4f-8e20c2bbb4ac/3e328047-7369-4af8-8270-52cbd0dcd7b5/1780054073333-4-nkg8dbbm.jpg | sb://fotos-intervenciones/195d0805-2e47-4a6a-9640-7ef085cb6322/1294edf5-2d29-464c-9b4f-8e20c2bbb4ac/3e328047-7369-4af8-8270-52cbd0dcd7b5/1780054073943-5-qp5bwmz6.jpg | sb://fotos-intervenciones/195d0805-2e47-4a6a-9640-7ef085cb6322/1294edf5-2d29-464c-9b4f-8e20c2bbb4ac/3e328047-7369-4af8-8270-52cbd0dcd7b5/1780054074324-6-krguaw9w.jpg | sb://fotos-intervenciones/195d0805-2e47-4a6a-9640-7ef085cb6322/1294edf5-2d29-464c-9b4f-8e20c2bbb4ac/3e328047-7369-4af8-8270-52cbd0dcd7b5/1780054075067-7-nuvw5wn2.jpg | sb://fotos-intervenciones/195d0805-2e47-4a6a-9640-7ef085cb6322/1294edf5-2d29-464c-9b4f-8e20c2bbb4ac/3e328047-7369-4af8-8270-52cbd0dcd7b5/1780054075947-8-2ncp7mh3.jpg', 12, 2, 'finalizado', 'media', 'sb://fotos-intervenciones/195d0805-2e47-4a6a-9640-7ef085cb6322/1294edf5-2d29-464c-9b4f-8e20c2bbb4ac/3e328047-7369-4af8-8270-52cbd0dcd7b5/1780054070416-1-co5si5ys.jpg', 'sb://firmas-clientes/195d0805-2e47-4a6a-9640-7ef085cb6322/1294edf5-2d29-464c-9b4f-8e20c2bbb4ac/1779906983226-obkehsy0.png', 'sb://informes-partes/195d0805-2e47-4a6a-9640-7ef085cb6322/1294edf5-2d29-464c-9b4f-8e20c2bbb4ac/3e328047-7369-4af8-8270-52cbd0dcd7b5/SAT-260527-02.pdf', NULL, NULL, 0, 0, '2026-05-27 10:29:00', '2026-05-27 18:35:00', NULL, NULL, NULL, NULL, NULL, NULL, NULL, NULL, NULL, NULL, NULL, NULL, NULL, NULL, NULL, 440, 50, 7.1, 0.5, 246.87, 0, 10, 0, 0, 710, 123.44, 1273.44, NULL, '2026-06-06 13:02:54'),
('484643e9-d508-4b5d-b806-397ac24df2d0', 55, '7c294e77-6470-4728-a287-e1afe159d92a', '54443153-d1ca-495b-b77f-64bed5dcf178', '416fdb79-ee10-445c-8f85-28dc1f4b957a', 'Salta el diferencial cuando la cámara trabaja en proceso de calor.', 'Parte registrado desde movilidad.
Se revisan las resistencias con pinza para fugas, los valores son correctos.
Se revisan los ventiladores y los valores son correctos.
La botella se ha limpiado no hace mucho, seguramente esté para sustituir. | Desplazamiento Cotepa a cliente | Inicio: 2026-06-08T08:56:05.363Z | Fin: 2026-06-08T08:56:05.363Z | Distancia desplazamiento: 0.00 km | Factura (ida+vuelta): 0.00 km | Tiempo desplazamiento: 1 minutos | Factura (ida+vuelta): 1 minutos | Intervención en cliente | Inicio: 2026-06-08T08:56:05.363Z | Fin: 2026-06-08T10:58:02.921Z | Geo fin: 39.45847, -0.36191 | Distancia geo: 0.00 km | Tiempo intervención: 122 minutos | Firmado por: José Navarro', 122, 1, 'finalizado', 'media', NULL, 'sb://firmas-clientes/7c294e77-6470-4728-a287-e1afe159d92a/416fdb79-ee10-445c-8f85-28dc1f4b957a/1780916302878-hudwn7cf.png', 'sb://informes-partes/7c294e77-6470-4728-a287-e1afe159d92a/416fdb79-ee10-445c-8f85-28dc1f4b957a/484643e9-d508-4b5d-b806-397ac24df2d0/SAT-260608-02.pdf', NULL, NULL, 0, 0, '2026-06-08 08:56:00', '2026-06-08 10:58:00', NULL, NULL, NULL, NULL, NULL, NULL, NULL, NULL, NULL, NULL, NULL, NULL, NULL, NULL, NULL, 0, 50, 2.03, 0.5, 15.79, 0, 0, 0, 0, 101.5, 7.89, 109.39, NULL, '2026-06-08 11:48:05'),
('672d471d-0db2-47a1-a4d0-985cd730efa0', 44, '4b820065-01bf-4574-b898-5f16e0d7cee3', '1f58e72c-c604-4d1a-aecf-3396725e370a', 'd813bf2c-dc79-4bb2-9343-f6c2a8f300ae', 'El horno marca alarma TEH y no para de subir temperatura.', 'Comprobamos que la sonda de temperatura está dañada así que sustituimos sonda de temperatura.
Comprobamos también que el horno no desactiva las resistencias de calor en cámara cocción a pesar de haber alcanzado la temperatura configurada. Esto se debe a que la CPU del horno tiene los relés de activación resistencias dañados quedándose bloqueados durante su activación. Informamos a cliente que se debe sustituir la CPU del horno para solucionar el problema y acordamos en enviarle presupuesto de dicha CPU. | Desplazamiento Cotepa a cliente | Inicio: 2026-05-19T08:14:35.539Z | Fin: 2026-05-19T08:14:35.539Z | Geo inicio (Cotepa): 39.44150, -0.38200 | Geo fin (cliente): 39.09175, -0.47863 | Distancia desplazamiento: 51.70 km | Factura (ida+vuelta): 51.70 km | Tiempo desplazamiento: 1 minutos | Factura (ida+vuelta): 1 minutos | Intervención en cliente | Inicio: 2026-05-19T08:14:35.539Z | Fin: 2026-05-19T08:18:56.345Z | Geo inicio: 39.09175, -0.47863 | Geo fin: 39.09175, -0.47874 | Distancia geo: 0.01 km | Tiempo intervención: 5 minutos | Firmado por: Luis González Marín | sb://fotos-intervenciones/4b820065-01bf-4574-b898-5f16e0d7cee3/d813bf2c-dc79-4bb2-9343-f6c2a8f300ae/672d471d-0db2-47a1-a4d0-985cd730efa0/1779178747210-2-7p157ghq.jpg | sb://fotos-intervenciones/4b820065-01bf-4574-b898-5f16e0d7cee3/d813bf2c-dc79-4bb2-9343-f6c2a8f300ae/672d471d-0db2-47a1-a4d0-985cd730efa0/1779178749596-3-5hzjclfz.jpg | sb://fotos-intervenciones/4b820065-01bf-4574-b898-5f16e0d7cee3/d813bf2c-dc79-4bb2-9343-f6c2a8f300ae/672d471d-0db2-47a1-a4d0-985cd730efa0/1779178751439-4-rub5g7sl.jpg | sb://fotos-intervenciones/4b820065-01bf-4574-b898-5f16e0d7cee3/d813bf2c-dc79-4bb2-9343-f6c2a8f300ae/672d471d-0db2-47a1-a4d0-985cd730efa0/1779178747210-2-7p157ghq.jpg | sb://fotos-intervenciones/4b820065-01bf-4574-b898-5f16e0d7cee3/d813bf2c-dc79-4bb2-9343-f6c2a8f300ae/672d471d-0db2-47a1-a4d0-985cd730efa0/1779178749596-3-5hzjclfz.jpg | sb://fotos-intervenciones/4b820065-01bf-4574-b898-5f16e0d7cee3/d813bf2c-dc79-4bb2-9343-f6c2a8f300ae/672d471d-0db2-47a1-a4d0-985cd730efa0/1779178751439-4-rub5g7sl.jpg | Fotos intervención: sb://fotos-intervenciones/4b820065-01bf-4574-b898-5f16e0d7cee3/d813bf2c-dc79-4bb2-9343-f6c2a8f300ae/672d471d-0db2-47a1-a4d0-985cd730efa0/1780399785642-1-nh9jj5rv.jpg | sb://fotos-intervenciones/4b820065-01bf-4574-b898-5f16e0d7cee3/d813bf2c-dc79-4bb2-9343-f6c2a8f300ae/672d471d-0db2-47a1-a4d0-985cd730efa0/1780399785961-2-zv2685fw.jpg | sb://fotos-intervenciones/4b820065-01bf-4574-b898-5f16e0d7cee3/d813bf2c-dc79-4bb2-9343-f6c2a8f300ae/672d471d-0db2-47a1-a4d0-985cd730efa0/1780399786213-3-v53g8okk.jpg | sb://fotos-intervenciones/4b820065-01bf-4574-b898-5f16e0d7cee3/d813bf2c-dc79-4bb2-9343-f6c2a8f300ae/672d471d-0db2-47a1-a4d0-985cd730efa0/1780399786539-4-bdv8szay.jpg | sb://fotos-intervenciones/4b820065-01bf-4574-b898-5f16e0d7cee3/d813bf2c-dc79-4bb2-9343-f6c2a8f300ae/672d471d-0db2-47a1-a4d0-985cd730efa0/1780399786928-5-pfg3s345.jpg | sb://fotos-intervenciones/4b820065-01bf-4574-b898-5f16e0d7cee3/d813bf2c-dc79-4bb2-9343-f6c2a8f300ae/672d471d-0db2-47a1-a4d0-985cd730efa0/1780399787234-6-5y147sk5.jpg', 5, 1, 'finalizado', 'media', 'sb://fotos-intervenciones/4b820065-01bf-4574-b898-5f16e0d7cee3/d813bf2c-dc79-4bb2-9343-f6c2a8f300ae/672d471d-0db2-47a1-a4d0-985cd730efa0/1780399785642-1-nh9jj5rv.jpg', 'sb://firmas-clientes/4b820065-01bf-4574-b898-5f16e0d7cee3/d813bf2c-dc79-4bb2-9343-f6c2a8f300ae/1779178743967-qcfqfuqu.png', 'sb://informes-partes/4b820065-01bf-4574-b898-5f16e0d7cee3/d813bf2c-dc79-4bb2-9343-f6c2a8f300ae/672d471d-0db2-47a1-a4d0-985cd730efa0/SAT-260519-02.pdf', NULL, NULL, 0, 0, '2026-05-19 06:34:00', '2026-05-19 08:18:00', NULL, NULL, NULL, NULL, NULL, NULL, NULL, NULL, NULL, NULL, NULL, NULL, NULL, NULL, NULL, 150, 50, 1.73, 0.5, 103.4, 0, 0, 0, 0, 86.5, 51.7, 288.2, NULL, '2026-06-06 13:02:54'),
('68f9a7b8-af00-4e1e-a6bd-8b0a94f2fba2', 45, '5dcddbee-14a5-4267-abc3-9eb1875bbcc5', 'a9155dfb-5bcb-49bb-a0db-25605f0c92c8', 'd813bf2c-dc79-4bb2-9343-f6c2a8f300ae', 'El horno no calienta.', 'Revisar esquema, fusibles, sustituyo 2 del cliente y se quema el contactor KM3. Lo han sustituido y la bobina era de 230v cuando tiene que ser de 400V | Desplazamiento Cotepa a cliente | Inicio: 2026-05-25T12:35:16.299Z | Fin: 2026-05-25T12:35:16.299Z | Geo inicio (Cotepa): 39.44150, -0.38200 | Geo fin (cliente): 38.50858, -0.22998 | Distancia desplazamiento: 135.94 km | Factura (ida+vuelta): 135.94 km | Tiempo desplazamiento: 1 minutos | Factura (ida+vuelta): 1 minutos | Intervención en cliente | Inicio: 2026-05-25T12:35:16.299Z | Fin: 2026-05-25T13:37:00.594Z | Geo inicio: 38.50858, -0.22998 | Geo fin: 38.50880, -0.22990 | Distancia geo: 0.03 km | Tiempo intervención: 62 minutos | Firmado por: Alejandro', 62, 1, 'finalizado', 'media', NULL, 'sb://firmas-clientes/5dcddbee-14a5-4267-abc3-9eb1875bbcc5/d813bf2c-dc79-4bb2-9343-f6c2a8f300ae/1779716230141-mj0xo74f.png', 'sb://informes-partes/5dcddbee-14a5-4267-abc3-9eb1875bbcc5/d813bf2c-dc79-4bb2-9343-f6c2a8f300ae/68f9a7b8-af00-4e1e-a6bd-8b0a94f2fba2/SAT-260525-02.pdf', NULL, NULL, 0, 0, '2026-05-25 12:35:00', '2026-05-25 13:37:00', NULL, NULL, NULL, NULL, NULL, NULL, NULL, NULL, NULL, NULL, NULL, NULL, NULL, NULL, NULL, 0, 50, 1.03, 0.5, 271.87, 0, 0, 0, 0, 51.5, 135.94, 187.44, NULL, '2026-06-06 13:02:54'),
('6ea69b3d-5ea6-46d5-ab55-2cfdc965ad63', 36, 'd921a00a-5e18-4f8f-b8c3-671869215419', '624a9a59-24e8-4e49-9651-91b8e5834edc', 'd813bf2c-dc79-4bb2-9343-f6c2a8f300ae', 'Sustitucion motor máquina.', 'Se traslada la máquina a talleres Gadea. | Desplazamiento Cotepa a cliente | Inicio: 2026-05-07T12:29:17.161Z | Fin: 2026-05-07T12:29:17.161Z | Geo inicio (Cotepa): 39.44150, -0.38200 | Geo fin (cliente): 39.42800, -0.40620 | Distancia desplazamiento: 3.33 km | Factura (ida+vuelta): 3.33 km | Tiempo desplazamiento: 1 minutos | Factura (ida+vuelta): 1 minutos | Intervención en cliente | Inicio: 2026-05-07T12:29:17.161Z | Fin: 2026-05-07T12:29:26.137Z | Geo inicio: 39.42800, -0.40620 | Geo fin: 39.42799, -0.40620 | Distancia geo: 0.00 km | Tiempo intervención: 1 minutos | Firmado por: Cotepa', 1, 1, 'finalizado', 'media', NULL, 'sb://firmas-clientes/d921a00a-5e18-4f8f-b8c3-671869215419/d813bf2c-dc79-4bb2-9343-f6c2a8f300ae/1778157031165-k693e0ga.png', 'sb://informes-partes/d921a00a-5e18-4f8f-b8c3-671869215419/d813bf2c-dc79-4bb2-9343-f6c2a8f300ae/6ea69b3d-5ea6-46d5-ab55-2cfdc965ad63/SAT-260506-02.pdf', NULL, NULL, 0, 0, '2026-05-06 11:30:00', '2026-05-06 13:00:00', NULL, NULL, NULL, NULL, NULL, NULL, NULL, NULL, NULL, NULL, NULL, NULL, NULL, NULL, NULL, 0, 50, 1.5, 0.5, 242, 0, 0, 0, 0, 75, 121, 196, NULL, '2026-06-06 13:02:54'),
('72f9c202-fef2-4ca2-ba8a-c0f5588e1555', 67, '82a5fd8a-06ad-47b9-8b39-188ae640f87d', '28ca809f-2f2a-4c07-9503-8dbcf96e89b2', '416fdb79-ee10-445c-8f85-28dc1f4b957a', 'Sustituir las resistencias en calderín, las resistencias en cuba, la junta de la puerta y los conductos de los dosificadores de detergente.', 'Se sustituyen todos los repuestos en máquina y se comprueba el funcionamiento de la máquina siendo óptimo. | Desplazamiento Cotepa a cliente | Inicio: 2026-06-11T12:17:11.037Z | Fin: 2026-06-11T12:17:11.037Z | Geo inicio (Cotepa): 39.44150, -0.38200 | Geo fin (cliente): 39.56375, -1.21322 | Distancia desplazamiento: 94.38 km | Factura (ida+vuelta): 94.38 km | Tiempo desplazamiento: 1 minutos | Factura (ida+vuelta): 1 minutos | Intervención en cliente | Inicio: 2026-06-11T12:17:11.037Z | Fin: 2026-06-11T12:17:26.525Z | Geo inicio: 39.56375, -1.21322 | Geo fin: 39.56375, -1.21324 | Distancia geo: 0.00 km | Tiempo intervención: 1 minutos | Firmado por: David', 1, 2, 'finalizado', 'media', NULL, 'sb://firmas-clientes/82a5fd8a-06ad-47b9-8b39-188ae640f87d/416fdb79-ee10-445c-8f85-28dc1f4b957a/1781180255189-br99l9qo.png', 'sb://informes-partes/82a5fd8a-06ad-47b9-8b39-188ae640f87d/416fdb79-ee10-445c-8f85-28dc1f4b957a/72f9c202-fef2-4ca2-ba8a-c0f5588e1555/SAT-260611-03.pdf', NULL, NULL, 0, 0, '2026-06-11 08:10:00', '2026-06-11 12:06:00', NULL, NULL, NULL, NULL, NULL, NULL, NULL, NULL, NULL, NULL, NULL, NULL, NULL, NULL, NULL, 997.7, 50, 3.93, 0.5, 188.76, 0, 0, 0, 0, 393, 94.38, 1485.08, NULL, '2026-06-12 13:02:08'),
('77c637cc-9779-44e4-b2b3-caaed48c3907', 38, '36ec1efd-2542-47e2-96c2-eb5eb968fd8b', '01abf9a7-5122-46fc-8b52-030da79d61eb', '1294edf5-2d29-464c-9b4f-8e20c2bbb4ac', 'Cliente informa que el motor extractor no funciona en horno 1 y, el giro carro de los otros hornos 2 y 3 no funcionan correctamente.', 'Comprobamos en horno 1 que el caracol del extractor está obstruido por suciedad, de ahí a que el motor esté dañado. Limpiamos el caracol del extractor y sustituimos el motor extractor con hélice de la campana. 
Comprobamos en horno 2 que el giro carro funciona correctamente. Engrasamos el final de carrera con grasa facilitada por el cliente para evitar que el pivote se bloquee. 
Comprobamos en horno 3 que los cables del final de carrera están sueltos del conector que se fija al cuadro eléctrico del horno. El electricista del cliente nos confirma que el cable del final de carrera se enganchó y tuvo que realizar un empalme para volver a conectarlo, pero no comprobó el conector del cuadro eléctrico. Conectamos correctamente los cables del final de carrera y ajustamos correctamente el paro de giro carro en horno. También engrasamos con grasa facilitada por el cliente el final de carrera para que el pivote no se bloquee. | Desplazamiento Cotepa a cliente | Inicio: 2026-05-13T13:23:16.456Z | Fin: 2026-05-13T13:23:16.456Z | Geo inicio (Cotepa): 39.44150, -0.38200 | Geo fin (cliente): 39.01429, -1.88207 | Distancia desplazamiento: 178.96 km | Factura (ida+vuelta): 178.96 km | Tiempo desplazamiento: 1 minutos | Factura (ida+vuelta): 1 minutos | Intervención en cliente | Inicio: 2026-05-13T13:23:16.456Z | Fin: 2026-05-13T14:02:13.638Z | Geo inicio: 39.01429, -1.88207 | Geo fin: 39.01425, -1.88229 | Distancia geo: 0.02 km | Tiempo intervención: 39 minutos | Firmado por: Juan | sb://fotos-intervenciones/36ec1efd-2542-47e2-96c2-eb5eb968fd8b/1294edf5-2d29-464c-9b4f-8e20c2bbb4ac/77c637cc-9779-44e4-b2b3-caaed48c3907/1778680954433-2-yxumetv9.jpg | sb://fotos-intervenciones/36ec1efd-2542-47e2-96c2-eb5eb968fd8b/1294edf5-2d29-464c-9b4f-8e20c2bbb4ac/77c637cc-9779-44e4-b2b3-caaed48c3907/1778680957255-3-j4k45uhz.jpg | sb://fotos-intervenciones/36ec1efd-2542-47e2-96c2-eb5eb968fd8b/1294edf5-2d29-464c-9b4f-8e20c2bbb4ac/77c637cc-9779-44e4-b2b3-caaed48c3907/1778680959677-4-f4z1kx90.jpg | sb://fotos-intervenciones/36ec1efd-2542-47e2-96c2-eb5eb968fd8b/1294edf5-2d29-464c-9b4f-8e20c2bbb4ac/77c637cc-9779-44e4-b2b3-caaed48c3907/1778680961944-5-zg3ras6c.jpg | sb://fotos-intervenciones/36ec1efd-2542-47e2-96c2-eb5eb968fd8b/1294edf5-2d29-464c-9b4f-8e20c2bbb4ac/77c637cc-9779-44e4-b2b3-caaed48c3907/1778680964146-6-qabfmjgj.jpg | sb://fotos-intervenciones/36ec1efd-2542-47e2-96c2-eb5eb968fd8b/1294edf5-2d29-464c-9b4f-8e20c2bbb4ac/77c637cc-9779-44e4-b2b3-caaed48c3907/1778680966240-7-bz0i4876.jpg | sb://fotos-intervenciones/36ec1efd-2542-47e2-96c2-eb5eb968fd8b/1294edf5-2d29-464c-9b4f-8e20c2bbb4ac/77c637cc-9779-44e4-b2b3-caaed48c3907/1778680954433-2-yxumetv9.jpg | sb://fotos-intervenciones/36ec1efd-2542-47e2-96c2-eb5eb968fd8b/1294edf5-2d29-464c-9b4f-8e20c2bbb4ac/77c637cc-9779-44e4-b2b3-caaed48c3907/1778680957255-3-j4k45uhz.jpg | sb://fotos-intervenciones/36ec1efd-2542-47e2-96c2-eb5eb968fd8b/1294edf5-2d29-464c-9b4f-8e20c2bbb4ac/77c637cc-9779-44e4-b2b3-caaed48c3907/1778680959677-4-f4z1kx90.jpg | sb://fotos-intervenciones/36ec1efd-2542-47e2-96c2-eb5eb968fd8b/1294edf5-2d29-464c-9b4f-8e20c2bbb4ac/77c637cc-9779-44e4-b2b3-caaed48c3907/1778680961944-5-zg3ras6c.jpg | sb://fotos-intervenciones/36ec1efd-2542-47e2-96c2-eb5eb968fd8b/1294edf5-2d29-464c-9b4f-8e20c2bbb4ac/77c637cc-9779-44e4-b2b3-caaed48c3907/1778680964146-6-qabfmjgj.jpg | sb://fotos-intervenciones/36ec1efd-2542-47e2-96c2-eb5eb968fd8b/1294edf5-2d29-464c-9b4f-8e20c2bbb4ac/77c637cc-9779-44e4-b2b3-caaed48c3907/1778680966240-7-bz0i4876.jpg | Fotos intervención: sb://fotos-intervenciones/36ec1efd-2542-47e2-96c2-eb5eb968fd8b/1294edf5-2d29-464c-9b4f-8e20c2bbb4ac/77c637cc-9779-44e4-b2b3-caaed48c3907/1778693843593-1-l98jzyxq.jpg | sb://fotos-intervenciones/36ec1efd-2542-47e2-96c2-eb5eb968fd8b/1294edf5-2d29-464c-9b4f-8e20c2bbb4ac/77c637cc-9779-44e4-b2b3-caaed48c3907/1778693843987-2-er9kuk3y.jpg | sb://fotos-intervenciones/36ec1efd-2542-47e2-96c2-eb5eb968fd8b/1294edf5-2d29-464c-9b4f-8e20c2bbb4ac/77c637cc-9779-44e4-b2b3-caaed48c3907/1778693844320-3-fx5zbp2d.jpg | sb://fotos-intervenciones/36ec1efd-2542-47e2-96c2-eb5eb968fd8b/1294edf5-2d29-464c-9b4f-8e20c2bbb4ac/77c637cc-9779-44e4-b2b3-caaed48c3907/1778693844620-4-dmd0vbz7.jpg | sb://fotos-intervenciones/36ec1efd-2542-47e2-96c2-eb5eb968fd8b/1294edf5-2d29-464c-9b4f-8e20c2bbb4ac/77c637cc-9779-44e4-b2b3-caaed48c3907/1778693844962-5-1b0fxs8l.jpg | sb://fotos-intervenciones/36ec1efd-2542-47e2-96c2-eb5eb968fd8b/1294edf5-2d29-464c-9b4f-8e20c2bbb4ac/77c637cc-9779-44e4-b2b3-caaed48c3907/1778693845269-6-f9pzqxoq.jpg | sb://fotos-intervenciones/36ec1efd-2542-47e2-96c2-eb5eb968fd8b/1294edf5-2d29-464c-9b4f-8e20c2bbb4ac/77c637cc-9779-44e4-b2b3-caaed48c3907/1778693845658-7-rsiit0e1.jpg | sb://fotos-intervenciones/36ec1efd-2542-47e2-96c2-eb5eb968fd8b/1294edf5-2d29-464c-9b4f-8e20c2bbb4ac/77c637cc-9779-44e4-b2b3-caaed48c3907/1778693845984-8-5jjfdtnl.jpg', 39, 1, 'finalizado', 'media', 'sb://fotos-intervenciones/36ec1efd-2542-47e2-96c2-eb5eb968fd8b/1294edf5-2d29-464c-9b4f-8e20c2bbb4ac/77c637cc-9779-44e4-b2b3-caaed48c3907/1778693843593-1-l98jzyxq.jpg', 'sb://firmas-clientes/36ec1efd-2542-47e2-96c2-eb5eb968fd8b/1294edf5-2d29-464c-9b4f-8e20c2bbb4ac/1778680949677-7uegnx4g.png', 'sb://informes-partes/36ec1efd-2542-47e2-96c2-eb5eb968fd8b/1294edf5-2d29-464c-9b4f-8e20c2bbb4ac/77c637cc-9779-44e4-b2b3-caaed48c3907/SAT-260513-02.pdf', NULL, NULL, 0, 0, '2026-05-13 09:23:00', '2026-05-13 14:02:00', NULL, NULL, NULL, NULL, NULL, NULL, NULL, NULL, NULL, NULL, NULL, NULL, NULL, NULL, NULL, 350, 50, 4.65, 0.5, 357.92, 0, 0, 0, 0, 232.5, 178.96, 761.46, NULL, '2026-06-06 13:02:54'),
('9a7a77ff-6401-4864-a4fd-e5b72d01b2f3', 23, '35e5f419-c248-47ef-8df2-12224d97d8ed', '5d1436b7-71bb-4c45-9863-b669957a4caf', 'd813bf2c-dc79-4bb2-9343-f6c2a8f300ae', 'Mantenimiento periódico de máquina:

SISTEMA HIDRÁULICO:
- Control conexiones mangueras.
- Control presión bomba cuba + enjuague.
- Estado electroválvulas cuba + enjuague.
- Estado filtro entrada agua.

HABITÁCULO:
- Estado boquillas presión.
- Estado bandejas de filtro y filtro desagüe.
- Posición sensores nivel bajo + alto.
- Estado junta de puerta.

DETERGENTE:
- Estado tubo + juntas alimentación detergente.

FUNCIONAMIENTO:
- Resistencias cuba + enjuague.
- Electroválvulas cuba + enjuague.
- Motor extractor cuba.
- Motor giro carro.
- Luces indicativas.
- Bomba cuba + enjuague.
- Dosificador detergente.', 'Detectamos una resistencia en cuba que no funciona, baja presión en manómetro del sistema hidráulico, mangueras del sistema hidráulico no fijadas correctamente, tubo dosificador sucio y colocado incorrectamente, rejillas en cuba sucias y, junta de puerta deteriorada. Fijamos correctamente las mangueras del sistema hidráulico, saneamos y fijamos correctamente el tubo dosificador y, limpiamos rejillas cuba. Cliente solicita sensor de nivel máximo agua y resistencia cuba para stock de repuesto. | Inicio: 2026-04-30T10:35:05.613Z | Fin: 2026-04-30T11:20:23.256Z | Geo inicio (Cotepa): 39.44150, -0.38200 | Geo fin (cliente): 39.06414, -0.53464 | Lugar cliente: Villanueva de Castellón | Comunidad Valenciana | Distancia ida: 43.97 km | Factura (ida+vuelta): 87.94 km | Tiempo desplazamiento: 46 minutos | Factura (ida+vuelta): 92 minutos | Intervención en cliente | Inicio: 2026-04-30T11:23:08.069Z | Fin: 2026-04-30T14:44:26.893Z | Geo inicio: 39.06387, -0.53406 | Lugar inicio: Villanueva de Castellón | Comunidad Valenciana | Geo fin: 39.06386, -0.53417 | Lugar fin: Villanueva de Castellón | Comunidad Valenciana | Distancia geo: 0.01 km | Tiempo intervención: 202 minutos | Firmado por: Ernesto | https://soqrcatqtzaggitqsmlz.supabase.co/storage/v1/object/public/fotos-intervenciones/35e5f419-c248-47ef-8df2-12224d97d8ed/d813bf2c-dc79-4bb2-9343-f6c2a8f300ae/9a7a77ff-6401-4864-a4fd-e5b72d01b2f3/1777560314296-2-86elinvv.jpg | https://soqrcatqtzaggitqsmlz.supabase.co/storage/v1/object/public/fotos-intervenciones/35e5f419-c248-47ef-8df2-12224d97d8ed/d813bf2c-dc79-4bb2-9343-f6c2a8f300ae/9a7a77ff-6401-4864-a4fd-e5b72d01b2f3/1777560317175-3-nanpquak.jpg | https://soqrcatqtzaggitqsmlz.supabase.co/storage/v1/object/public/fotos-intervenciones/35e5f419-c248-47ef-8df2-12224d97d8ed/d813bf2c-dc79-4bb2-9343-f6c2a8f300ae/9a7a77ff-6401-4864-a4fd-e5b72d01b2f3/1777560321180-4-39zvm0gg.jpg | https://soqrcatqtzaggitqsmlz.supabase.co/storage/v1/object/public/fotos-intervenciones/35e5f419-c248-47ef-8df2-12224d97d8ed/d813bf2c-dc79-4bb2-9343-f6c2a8f300ae/9a7a77ff-6401-4864-a4fd-e5b72d01b2f3/1777560325170-5-nh4bdm50.jpg | https://soqrcatqtzaggitqsmlz.supabase.co/storage/v1/object/public/fotos-intervenciones/35e5f419-c248-47ef-8df2-12224d97d8ed/d813bf2c-dc79-4bb2-9343-f6c2a8f300ae/9a7a77ff-6401-4864-a4fd-e5b72d01b2f3/1777560329502-6-ks8jq0ra.jpg | https://soqrcatqtzaggitqsmlz.supabase.co/storage/v1/object/public/fotos-intervenciones/35e5f419-c248-47ef-8df2-12224d97d8ed/d813bf2c-dc79-4bb2-9343-f6c2a8f300ae/9a7a77ff-6401-4864-a4fd-e5b72d01b2f3/1777560331904-7-uczuowxf.jpg | https://soqrcatqtzaggitqsmlz.supabase.co/storage/v1/object/public/fotos-intervenciones/35e5f419-c248-47ef-8df2-12224d97d8ed/d813bf2c-dc79-4bb2-9343-f6c2a8f300ae/9a7a77ff-6401-4864-a4fd-e5b72d01b2f3/1777560335890-8-b0og1ht5.jpg | https://soqrcatqtzaggitqsmlz.supabase.co/storage/v1/object/public/fotos-intervenciones/35e5f419-c248-47ef-8df2-12224d97d8ed/d813bf2c-dc79-4bb2-9343-f6c2a8f300ae/9a7a77ff-6401-4864-a4fd-e5b72d01b2f3/1777560337183-9-tmm6fau4.jpg | https://soqrcatqtzaggitqsmlz.supabase.co/storage/v1/object/public/fotos-intervenciones/35e5f419-c248-47ef-8df2-12224d97d8ed/d813bf2c-dc79-4bb2-9343-f6c2a8f300ae/9a7a77ff-6401-4864-a4fd-e5b72d01b2f3/1777560314296-2-86elinvv.jpg | https://soqrcatqtzaggitqsmlz.supabase.co/storage/v1/object/public/fotos-intervenciones/35e5f419-c248-47ef-8df2-12224d97d8ed/d813bf2c-dc79-4bb2-9343-f6c2a8f300ae/9a7a77ff-6401-4864-a4fd-e5b72d01b2f3/1777560317175-3-nanpquak.jpg | https://soqrcatqtzaggitqsmlz.supabase.co/storage/v1/object/public/fotos-intervenciones/35e5f419-c248-47ef-8df2-12224d97d8ed/d813bf2c-dc79-4bb2-9343-f6c2a8f300ae/9a7a77ff-6401-4864-a4fd-e5b72d01b2f3/1777560321180-4-39zvm0gg.jpg | https://soqrcatqtzaggitqsmlz.supabase.co/storage/v1/object/public/fotos-intervenciones/35e5f419-c248-47ef-8df2-12224d97d8ed/d813bf2c-dc79-4bb2-9343-f6c2a8f300ae/9a7a77ff-6401-4864-a4fd-e5b72d01b2f3/1777560325170-5-nh4bdm50.jpg | https://soqrcatqtzaggitqsmlz.supabase.co/storage/v1/object/public/fotos-intervenciones/35e5f419-c248-47ef-8df2-12224d97d8ed/d813bf2c-dc79-4bb2-9343-f6c2a8f300ae/9a7a77ff-6401-4864-a4fd-e5b72d01b2f3/1777560329502-6-ks8jq0ra.jpg | https://soqrcatqtzaggitqsmlz.supabase.co/storage/v1/object/public/fotos-intervenciones/35e5f419-c248-47ef-8df2-12224d97d8ed/d813bf2c-dc79-4bb2-9343-f6c2a8f300ae/9a7a77ff-6401-4864-a4fd-e5b72d01b2f3/1777560331904-7-uczuowxf.jpg | https://soqrcatqtzaggitqsmlz.supabase.co/storage/v1/object/public/fotos-intervenciones/35e5f419-c248-47ef-8df2-12224d97d8ed/d813bf2c-dc79-4bb2-9343-f6c2a8f300ae/9a7a77ff-6401-4864-a4fd-e5b72d01b2f3/1777560335890-8-b0og1ht5.jpg | https://soqrcatqtzaggitqsmlz.supabase.co/storage/v1/object/public/fotos-intervenciones/35e5f419-c248-47ef-8df2-12224d97d8ed/d813bf2c-dc79-4bb2-9343-f6c2a8f300ae/9a7a77ff-6401-4864-a4fd-e5b72d01b2f3/1777560337183-9-tmm6fau4.jpg | https://soqrcatqtzaggitqsmlz.supabase.co/storage/v1/object/public/fotos-intervenciones/35e5f419-c248-47ef-8df2-12224d97d8ed/d813bf2c-dc79-4bb2-9343-f6c2a8f300ae/9a7a77ff-6401-4864-a4fd-e5b72d01b2f3/1777560314296-2-86elinvv.jpg | https://soqrcatqtzaggitqsmlz.supabase.co/storage/v1/object/public/fotos-intervenciones/35e5f419-c248-47ef-8df2-12224d97d8ed/d813bf2c-dc79-4bb2-9343-f6c2a8f300ae/9a7a77ff-6401-4864-a4fd-e5b72d01b2f3/1777560317175-3-nanpquak.jpg | https://soqrcatqtzaggitqsmlz.supabase.co/storage/v1/object/public/fotos-intervenciones/35e5f419-c248-47ef-8df2-12224d97d8ed/d813bf2c-dc79-4bb2-9343-f6c2a8f300ae/9a7a77ff-6401-4864-a4fd-e5b72d01b2f3/1777560321180-4-39zvm0gg.jpg | https://soqrcatqtzaggitqsmlz.supabase.co/storage/v1/object/public/fotos-intervenciones/35e5f419-c248-47ef-8df2-12224d97d8ed/d813bf2c-dc79-4bb2-9343-f6c2a8f300ae/9a7a77ff-6401-4864-a4fd-e5b72d01b2f3/1777560325170-5-nh4bdm50.jpg | https://soqrcatqtzaggitqsmlz.supabase.co/storage/v1/object/public/fotos-intervenciones/35e5f419-c248-47ef-8df2-12224d97d8ed/d813bf2c-dc79-4bb2-9343-f6c2a8f300ae/9a7a77ff-6401-4864-a4fd-e5b72d01b2f3/1777560329502-6-ks8jq0ra.jpg | https://soqrcatqtzaggitqsmlz.supabase.co/storage/v1/object/public/fotos-intervenciones/35e5f419-c248-47ef-8df2-12224d97d8ed/d813bf2c-dc79-4bb2-9343-f6c2a8f300ae/9a7a77ff-6401-4864-a4fd-e5b72d01b2f3/1777560331904-7-uczuowxf.jpg | https://soqrcatqtzaggitqsmlz.supabase.co/storage/v1/object/public/fotos-intervenciones/35e5f419-c248-47ef-8df2-12224d97d8ed/d813bf2c-dc79-4bb2-9343-f6c2a8f300ae/9a7a77ff-6401-4864-a4fd-e5b72d01b2f3/1777560335890-8-b0og1ht5.jpg | https://soqrcatqtzaggitqsmlz.supabase.co/storage/v1/object/public/fotos-intervenciones/35e5f419-c248-47ef-8df2-12224d97d8ed/d813bf2c-dc79-4bb2-9343-f6c2a8f300ae/9a7a77ff-6401-4864-a4fd-e5b72d01b2f3/1777560337183-9-tmm6fau4.jpg | https://soqrcatqtzaggitqsmlz.supabase.co/storage/v1/object/public/fotos-intervenciones/35e5f419-c248-47ef-8df2-12224d97d8ed/d813bf2c-dc79-4bb2-9343-f6c2a8f300ae/9a7a77ff-6401-4864-a4fd-e5b72d01b2f3/1777560314296-2-86elinvv.jpg | https://soqrcatqtzaggitqsmlz.supabase.co/storage/v1/object/public/fotos-intervenciones/35e5f419-c248-47ef-8df2-12224d97d8ed/d813bf2c-dc79-4bb2-9343-f6c2a8f300ae/9a7a77ff-6401-4864-a4fd-e5b72d01b2f3/1777560317175-3-nanpquak.jpg | https://soqrcatqtzaggitqsmlz.supabase.co/storage/v1/object/public/fotos-intervenciones/35e5f419-c248-47ef-8df2-12224d97d8ed/d813bf2c-dc79-4bb2-9343-f6c2a8f300ae/9a7a77ff-6401-4864-a4fd-e5b72d01b2f3/1777560321180-4-39zvm0gg.jpg | https://soqrcatqtzaggitqsmlz.supabase.co/storage/v1/object/public/fotos-intervenciones/35e5f419-c248-47ef-8df2-12224d97d8ed/d813bf2c-dc79-4bb2-9343-f6c2a8f300ae/9a7a77ff-6401-4864-a4fd-e5b72d01b2f3/1777560325170-5-nh4bdm50.jpg | https://soqrcatqtzaggitqsmlz.supabase.co/storage/v1/object/public/fotos-intervenciones/35e5f419-c248-47ef-8df2-12224d97d8ed/d813bf2c-dc79-4bb2-9343-f6c2a8f300ae/9a7a77ff-6401-4864-a4fd-e5b72d01b2f3/1777560329502-6-ks8jq0ra.jpg | https://soqrcatqtzaggitqsmlz.supabase.co/storage/v1/object/public/fotos-intervenciones/35e5f419-c248-47ef-8df2-12224d97d8ed/d813bf2c-dc79-4bb2-9343-f6c2a8f300ae/9a7a77ff-6401-4864-a4fd-e5b72d01b2f3/1777560331904-7-uczuowxf.jpg | https://soqrcatqtzaggitqsmlz.supabase.co/storage/v1/object/public/fotos-intervenciones/35e5f419-c248-47ef-8df2-12224d97d8ed/d813bf2c-dc79-4bb2-9343-f6c2a8f300ae/9a7a77ff-6401-4864-a4fd-e5b72d01b2f3/1777560335890-8-b0og1ht5.jpg | https://soqrcatqtzaggitqsmlz.supabase.co/storage/v1/object/public/fotos-intervenciones/35e5f419-c248-47ef-8df2-12224d97d8ed/d813bf2c-dc79-4bb2-9343-f6c2a8f300ae/9a7a77ff-6401-4864-a4fd-e5b72d01b2f3/1777560337183-9-tmm6fau4.jpg | https://soqrcatqtzaggitqsmlz.supabase.co/storage/v1/object/public/fotos-intervenciones/35e5f419-c248-47ef-8df2-12224d97d8ed/d813bf2c-dc79-4bb2-9343-f6c2a8f300ae/9a7a77ff-6401-4864-a4fd-e5b72d01b2f3/1777560314296-2-86elinvv.jpg | https://soqrcatqtzaggitqsmlz.supabase.co/storage/v1/object/public/fotos-intervenciones/35e5f419-c248-47ef-8df2-12224d97d8ed/d813bf2c-dc79-4bb2-9343-f6c2a8f300ae/9a7a77ff-6401-4864-a4fd-e5b72d01b2f3/1777560317175-3-nanpquak.jpg | https://soqrcatqtzaggitqsmlz.supabase.co/storage/v1/object/public/fotos-intervenciones/35e5f419-c248-47ef-8df2-12224d97d8ed/d813bf2c-dc79-4bb2-9343-f6c2a8f300ae/9a7a77ff-6401-4864-a4fd-e5b72d01b2f3/1777560321180-4-39zvm0gg.jpg | https://soqrcatqtzaggitqsmlz.supabase.co/storage/v1/object/public/fotos-intervenciones/35e5f419-c248-47ef-8df2-12224d97d8ed/d813bf2c-dc79-4bb2-9343-f6c2a8f300ae/9a7a77ff-6401-4864-a4fd-e5b72d01b2f3/1777560325170-5-nh4bdm50.jpg | https://soqrcatqtzaggitqsmlz.supabase.co/storage/v1/object/public/fotos-intervenciones/35e5f419-c248-47ef-8df2-12224d97d8ed/d813bf2c-dc79-4bb2-9343-f6c2a8f300ae/9a7a77ff-6401-4864-a4fd-e5b72d01b2f3/1777560329502-6-ks8jq0ra.jpg | https://soqrcatqtzaggitqsmlz.supabase.co/storage/v1/object/public/fotos-intervenciones/35e5f419-c248-47ef-8df2-12224d97d8ed/d813bf2c-dc79-4bb2-9343-f6c2a8f300ae/9a7a77ff-6401-4864-a4fd-e5b72d01b2f3/1777560331904-7-uczuowxf.jpg | https://soqrcatqtzaggitqsmlz.supabase.co/storage/v1/object/public/fotos-intervenciones/35e5f419-c248-47ef-8df2-12224d97d8ed/d813bf2c-dc79-4bb2-9343-f6c2a8f300ae/9a7a77ff-6401-4864-a4fd-e5b72d01b2f3/1777560335890-8-b0og1ht5.jpg | https://soqrcatqtzaggitqsmlz.supabase.co/storage/v1/object/public/fotos-intervenciones/35e5f419-c248-47ef-8df2-12224d97d8ed/d813bf2c-dc79-4bb2-9343-f6c2a8f300ae/9a7a77ff-6401-4864-a4fd-e5b72d01b2f3/1777560337183-9-tmm6fau4.jpg | https://soqrcatqtzaggitqsmlz.supabase.co/storage/v1/object/public/fotos-intervenciones/35e5f419-c248-47ef-8df2-12224d97d8ed/d813bf2c-dc79-4bb2-9343-f6c2a8f300ae/9a7a77ff-6401-4864-a4fd-e5b72d01b2f3/1777560314296-2-86elinvv.jpg | https://soqrcatqtzaggitqsmlz.supabase.co/storage/v1/object/public/fotos-intervenciones/35e5f419-c248-47ef-8df2-12224d97d8ed/d813bf2c-dc79-4bb2-9343-f6c2a8f300ae/9a7a77ff-6401-4864-a4fd-e5b72d01b2f3/1777560317175-3-nanpquak.jpg | https://soqrcatqtzaggitqsmlz.supabase.co/storage/v1/object/public/fotos-intervenciones/35e5f419-c248-47ef-8df2-12224d97d8ed/d813bf2c-dc79-4bb2-9343-f6c2a8f300ae/9a7a77ff-6401-4864-a4fd-e5b72d01b2f3/1777560321180-4-39zvm0gg.jpg | https://soqrcatqtzaggitqsmlz.supabase.co/storage/v1/object/public/fotos-intervenciones/35e5f419-c248-47ef-8df2-12224d97d8ed/d813bf2c-dc79-4bb2-9343-f6c2a8f300ae/9a7a77ff-6401-4864-a4fd-e5b72d01b2f3/1777560325170-5-nh4bdm50.jpg | https://soqrcatqtzaggitqsmlz.supabase.co/storage/v1/object/public/fotos-intervenciones/35e5f419-c248-47ef-8df2-12224d97d8ed/d813bf2c-dc79-4bb2-9343-f6c2a8f300ae/9a7a77ff-6401-4864-a4fd-e5b72d01b2f3/1777560329502-6-ks8jq0ra.jpg | https://soqrcatqtzaggitqsmlz.supabase.co/storage/v1/object/public/fotos-intervenciones/35e5f419-c248-47ef-8df2-12224d97d8ed/d813bf2c-dc79-4bb2-9343-f6c2a8f300ae/9a7a77ff-6401-4864-a4fd-e5b72d01b2f3/1777560331904-7-uczuowxf.jpg | https://soqrcatqtzaggitqsmlz.supabase.co/storage/v1/object/public/fotos-intervenciones/35e5f419-c248-47ef-8df2-12224d97d8ed/d813bf2c-dc79-4bb2-9343-f6c2a8f300ae/9a7a77ff-6401-4864-a4fd-e5b72d01b2f3/1777560335890-8-b0og1ht5.jpg | https://soqrcatqtzaggitqsmlz.supabase.co/storage/v1/object/public/fotos-intervenciones/35e5f419-c248-47ef-8df2-12224d97d8ed/d813bf2c-dc79-4bb2-9343-f6c2a8f300ae/9a7a77ff-6401-4864-a4fd-e5b72d01b2f3/1777560337183-9-tmm6fau4.jpg | https://soqrcatqtzaggitqsmlz.supabase.co/storage/v1/object/public/fotos-intervenciones/35e5f419-c248-47ef-8df2-12224d97d8ed/d813bf2c-dc79-4bb2-9343-f6c2a8f300ae/9a7a77ff-6401-4864-a4fd-e5b72d01b2f3/1777560314296-2-86elinvv.jpg | https://soqrcatqtzaggitqsmlz.supabase.co/storage/v1/object/public/fotos-intervenciones/35e5f419-c248-47ef-8df2-12224d97d8ed/d813bf2c-dc79-4bb2-9343-f6c2a8f300ae/9a7a77ff-6401-4864-a4fd-e5b72d01b2f3/1777560317175-3-nanpquak.jpg | https://soqrcatqtzaggitqsmlz.supabase.co/storage/v1/object/public/fotos-intervenciones/35e5f419-c248-47ef-8df2-12224d97d8ed/d813bf2c-dc79-4bb2-9343-f6c2a8f300ae/9a7a77ff-6401-4864-a4fd-e5b72d01b2f3/1777560321180-4-39zvm0gg.jpg | https://soqrcatqtzaggitqsmlz.supabase.co/storage/v1/object/public/fotos-intervenciones/35e5f419-c248-47ef-8df2-12224d97d8ed/d813bf2c-dc79-4bb2-9343-f6c2a8f300ae/9a7a77ff-6401-4864-a4fd-e5b72d01b2f3/1777560325170-5-nh4bdm50.jpg | https://soqrcatqtzaggitqsmlz.supabase.co/storage/v1/object/public/fotos-intervenciones/35e5f419-c248-47ef-8df2-12224d97d8ed/d813bf2c-dc79-4bb2-9343-f6c2a8f300ae/9a7a77ff-6401-4864-a4fd-e5b72d01b2f3/1777560329502-6-ks8jq0ra.jpg | https://soqrcatqtzaggitqsmlz.supabase.co/storage/v1/object/public/fotos-intervenciones/35e5f419-c248-47ef-8df2-12224d97d8ed/d813bf2c-dc79-4bb2-9343-f6c2a8f300ae/9a7a77ff-6401-4864-a4fd-e5b72d01b2f3/1777560331904-7-uczuowxf.jpg | https://soqrcatqtzaggitqsmlz.supabase.co/storage/v1/object/public/fotos-intervenciones/35e5f419-c248-47ef-8df2-12224d97d8ed/d813bf2c-dc79-4bb2-9343-f6c2a8f300ae/9a7a77ff-6401-4864-a4fd-e5b72d01b2f3/1777560335890-8-b0og1ht5.jpg | https://soqrcatqtzaggitqsmlz.supabase.co/storage/v1/object/public/fotos-intervenciones/35e5f419-c248-47ef-8df2-12224d97d8ed/d813bf2c-dc79-4bb2-9343-f6c2a8f300ae/9a7a77ff-6401-4864-a4fd-e5b72d01b2f3/1777560337183-9-tmm6fau4.jpg | https://soqrcatqtzaggitqsmlz.supabase.co/storage/v1/object/public/fotos-intervenciones/35e5f419-c248-47ef-8df2-12224d97d8ed/d813bf2c-dc79-4bb2-9343-f6c2a8f300ae/9a7a77ff-6401-4864-a4fd-e5b72d01b2f3/1777560314296-2-86elinvv.jpg | https://soqrcatqtzaggitqsmlz.supabase.co/storage/v1/object/public/fotos-intervenciones/35e5f419-c248-47ef-8df2-12224d97d8ed/d813bf2c-dc79-4bb2-9343-f6c2a8f300ae/9a7a77ff-6401-4864-a4fd-e5b72d01b2f3/1777560317175-3-nanpquak.jpg | https://soqrcatqtzaggitqsmlz.supabase.co/storage/v1/object/public/fotos-intervenciones/35e5f419-c248-47ef-8df2-12224d97d8ed/d813bf2c-dc79-4bb2-9343-f6c2a8f300ae/9a7a77ff-6401-4864-a4fd-e5b72d01b2f3/1777560321180-4-39zvm0gg.jpg | https://soqrcatqtzaggitqsmlz.supabase.co/storage/v1/object/public/fotos-intervenciones/35e5f419-c248-47ef-8df2-12224d97d8ed/d813bf2c-dc79-4bb2-9343-f6c2a8f300ae/9a7a77ff-6401-4864-a4fd-e5b72d01b2f3/1777560325170-5-nh4bdm50.jpg | https://soqrcatqtzaggitqsmlz.supabase.co/storage/v1/object/public/fotos-intervenciones/35e5f419-c248-47ef-8df2-12224d97d8ed/d813bf2c-dc79-4bb2-9343-f6c2a8f300ae/9a7a77ff-6401-4864-a4fd-e5b72d01b2f3/1777560329502-6-ks8jq0ra.jpg | https://soqrcatqtzaggitqsmlz.supabase.co/storage/v1/object/public/fotos-intervenciones/35e5f419-c248-47ef-8df2-12224d97d8ed/d813bf2c-dc79-4bb2-9343-f6c2a8f300ae/9a7a77ff-6401-4864-a4fd-e5b72d01b2f3/1777560331904-7-uczuowxf.jpg | https://soqrcatqtzaggitqsmlz.supabase.co/storage/v1/object/public/fotos-intervenciones/35e5f419-c248-47ef-8df2-12224d97d8ed/d813bf2c-dc79-4bb2-9343-f6c2a8f300ae/9a7a77ff-6401-4864-a4fd-e5b72d01b2f3/1777560335890-8-b0og1ht5.jpg | https://soqrcatqtzaggitqsmlz.supabase.co/storage/v1/object/public/fotos-intervenciones/35e5f419-c248-47ef-8df2-12224d97d8ed/d813bf2c-dc79-4bb2-9343-f6c2a8f300ae/9a7a77ff-6401-4864-a4fd-e5b72d01b2f3/1777560337183-9-tmm6fau4.jpg | https://soqrcatqtzaggitqsmlz.supabase.co/storage/v1/object/public/fotos-intervenciones/35e5f419-c248-47ef-8df2-12224d97d8ed/d813bf2c-dc79-4bb2-9343-f6c2a8f300ae/9a7a77ff-6401-4864-a4fd-e5b72d01b2f3/1777560314296-2-86elinvv.jpg | https://soqrcatqtzaggitqsmlz.supabase.co/storage/v1/object/public/fotos-intervenciones/35e5f419-c248-47ef-8df2-12224d97d8ed/d813bf2c-dc79-4bb2-9343-f6c2a8f300ae/9a7a77ff-6401-4864-a4fd-e5b72d01b2f3/1777560317175-3-nanpquak.jpg | https://soqrcatqtzaggitqsmlz.supabase.co/storage/v1/object/public/fotos-intervenciones/35e5f419-c248-47ef-8df2-12224d97d8ed/d813bf2c-dc79-4bb2-9343-f6c2a8f300ae/9a7a77ff-6401-4864-a4fd-e5b72d01b2f3/1777560321180-4-39zvm0gg.jpg | https://soqrcatqtzaggitqsmlz.supabase.co/storage/v1/object/public/fotos-intervenciones/35e5f419-c248-47ef-8df2-12224d97d8ed/d813bf2c-dc79-4bb2-9343-f6c2a8f300ae/9a7a77ff-6401-4864-a4fd-e5b72d01b2f3/1777560325170-5-nh4bdm50.jpg | https://soqrcatqtzaggitqsmlz.supabase.co/storage/v1/object/public/fotos-intervenciones/35e5f419-c248-47ef-8df2-12224d97d8ed/d813bf2c-dc79-4bb2-9343-f6c2a8f300ae/9a7a77ff-6401-4864-a4fd-e5b72d01b2f3/1777560329502-6-ks8jq0ra.jpg | https://soqrcatqtzaggitqsmlz.supabase.co/storage/v1/object/public/fotos-intervenciones/35e5f419-c248-47ef-8df2-12224d97d8ed/d813bf2c-dc79-4bb2-9343-f6c2a8f300ae/9a7a77ff-6401-4864-a4fd-e5b72d01b2f3/1777560331904-7-uczuowxf.jpg | https://soqrcatqtzaggitqsmlz.supabase.co/storage/v1/object/public/fotos-intervenciones/35e5f419-c248-47ef-8df2-12224d97d8ed/d813bf2c-dc79-4bb2-9343-f6c2a8f300ae/9a7a77ff-6401-4864-a4fd-e5b72d01b2f3/1777560335890-8-b0og1ht5.jpg | https://soqrcatqtzaggitqsmlz.supabase.co/storage/v1/object/public/fotos-intervenciones/35e5f419-c248-47ef-8df2-12224d97d8ed/d813bf2c-dc79-4bb2-9343-f6c2a8f300ae/9a7a77ff-6401-4864-a4fd-e5b72d01b2f3/1777560337183-9-tmm6fau4.jpg | https://soqrcatqtzaggitqsmlz.supabase.co/storage/v1/object/public/fotos-intervenciones/35e5f419-c248-47ef-8df2-12224d97d8ed/d813bf2c-dc79-4bb2-9343-f6c2a8f300ae/9a7a77ff-6401-4864-a4fd-e5b72d01b2f3/1777560314296-2-86elinvv.jpg | https://soqrcatqtzaggitqsmlz.supabase.co/storage/v1/object/public/fotos-intervenciones/35e5f419-c248-47ef-8df2-12224d97d8ed/d813bf2c-dc79-4bb2-9343-f6c2a8f300ae/9a7a77ff-6401-4864-a4fd-e5b72d01b2f3/1777560317175-3-nanpquak.jpg | https://soqrcatqtzaggitqsmlz.supabase.co/storage/v1/object/public/fotos-intervenciones/35e5f419-c248-47ef-8df2-12224d97d8ed/d813bf2c-dc79-4bb2-9343-f6c2a8f300ae/9a7a77ff-6401-4864-a4fd-e5b72d01b2f3/1777560321180-4-39zvm0gg.jpg | https://soqrcatqtzaggitqsmlz.supabase.co/storage/v1/object/public/fotos-intervenciones/35e5f419-c248-47ef-8df2-12224d97d8ed/d813bf2c-dc79-4bb2-9343-f6c2a8f300ae/9a7a77ff-6401-4864-a4fd-e5b72d01b2f3/1777560325170-5-nh4bdm50.jpg | https://soqrcatqtzaggitqsmlz.supabase.co/storage/v1/object/public/fotos-intervenciones/35e5f419-c248-47ef-8df2-12224d97d8ed/d813bf2c-dc79-4bb2-9343-f6c2a8f300ae/9a7a77ff-6401-4864-a4fd-e5b72d01b2f3/1777560329502-6-ks8jq0ra.jpg | https://soqrcatqtzaggitqsmlz.supabase.co/storage/v1/object/public/fotos-intervenciones/35e5f419-c248-47ef-8df2-12224d97d8ed/d813bf2c-dc79-4bb2-9343-f6c2a8f300ae/9a7a77ff-6401-4864-a4fd-e5b72d01b2f3/1777560331904-7-uczuowxf.jpg | https://soqrcatqtzaggitqsmlz.supabase.co/storage/v1/object/public/fotos-intervenciones/35e5f419-c248-47ef-8df2-12224d97d8ed/d813bf2c-dc79-4bb2-9343-f6c2a8f300ae/9a7a77ff-6401-4864-a4fd-e5b72d01b2f3/1777560335890-8-b0og1ht5.jpg | https://soqrcatqtzaggitqsmlz.supabase.co/storage/v1/object/public/fotos-intervenciones/35e5f419-c248-47ef-8df2-12224d97d8ed/d813bf2c-dc79-4bb2-9343-f6c2a8f300ae/9a7a77ff-6401-4864-a4fd-e5b72d01b2f3/1777560337183-9-tmm6fau4.jpg | https://soqrcatqtzaggitqsmlz.supabase.co/storage/v1/object/public/fotos-intervenciones/35e5f419-c248-47ef-8df2-12224d97d8ed/d813bf2c-dc79-4bb2-9343-f6c2a8f300ae/9a7a77ff-6401-4864-a4fd-e5b72d01b2f3/1777560314296-2-86elinvv.jpg | https://soqrcatqtzaggitqsmlz.supabase.co/storage/v1/object/public/fotos-intervenciones/35e5f419-c248-47ef-8df2-12224d97d8ed/d813bf2c-dc79-4bb2-9343-f6c2a8f300ae/9a7a77ff-6401-4864-a4fd-e5b72d01b2f3/1777560317175-3-nanpquak.jpg | https://soqrcatqtzaggitqsmlz.supabase.co/storage/v1/object/public/fotos-intervenciones/35e5f419-c248-47ef-8df2-12224d97d8ed/d813bf2c-dc79-4bb2-9343-f6c2a8f300ae/9a7a77ff-6401-4864-a4fd-e5b72d01b2f3/1777560321180-4-39zvm0gg.jpg | https://soqrcatqtzaggitqsmlz.supabase.co/storage/v1/object/public/fotos-intervenciones/35e5f419-c248-47ef-8df2-12224d97d8ed/d813bf2c-dc79-4bb2-9343-f6c2a8f300ae/9a7a77ff-6401-4864-a4fd-e5b72d01b2f3/1777560325170-5-nh4bdm50.jpg | https://soqrcatqtzaggitqsmlz.supabase.co/storage/v1/object/public/fotos-intervenciones/35e5f419-c248-47ef-8df2-12224d97d8ed/d813bf2c-dc79-4bb2-9343-f6c2a8f300ae/9a7a77ff-6401-4864-a4fd-e5b72d01b2f3/1777560329502-6-ks8jq0ra.jpg | https://soqrcatqtzaggitqsmlz.supabase.co/storage/v1/object/public/fotos-intervenciones/35e5f419-c248-47ef-8df2-12224d97d8ed/d813bf2c-dc79-4bb2-9343-f6c2a8f300ae/9a7a77ff-6401-4864-a4fd-e5b72d01b2f3/1777560331904-7-uczuowxf.jpg | https://soqrcatqtzaggitqsmlz.supabase.co/storage/v1/object/public/fotos-intervenciones/35e5f419-c248-47ef-8df2-12224d97d8ed/d813bf2c-dc79-4bb2-9343-f6c2a8f300ae/9a7a77ff-6401-4864-a4fd-e5b72d01b2f3/1777560335890-8-b0og1ht5.jpg | https://soqrcatqtzaggitqsmlz.supabase.co/storage/v1/object/public/fotos-intervenciones/35e5f419-c248-47ef-8df2-12224d97d8ed/d813bf2c-dc79-4bb2-9343-f6c2a8f300ae/9a7a77ff-6401-4864-a4fd-e5b72d01b2f3/1777560337183-9-tmm6fau4.jpg | https://soqrcatqtzaggitqsmlz.supabase.co/storage/v1/object/public/fotos-intervenciones/35e5f419-c248-47ef-8df2-12224d97d8ed/d813bf2c-dc79-4bb2-9343-f6c2a8f300ae/9a7a77ff-6401-4864-a4fd-e5b72d01b2f3/1777560314296-2-86elinvv.jpg | https://soqrcatqtzaggitqsmlz.supabase.co/storage/v1/object/public/fotos-intervenciones/35e5f419-c248-47ef-8df2-12224d97d8ed/d813bf2c-dc79-4bb2-9343-f6c2a8f300ae/9a7a77ff-6401-4864-a4fd-e5b72d01b2f3/1777560317175-3-nanpquak.jpg | https://soqrcatqtzaggitqsmlz.supabase.co/storage/v1/object/public/fotos-intervenciones/35e5f419-c248-47ef-8df2-12224d97d8ed/d813bf2c-dc79-4bb2-9343-f6c2a8f300ae/9a7a77ff-6401-4864-a4fd-e5b72d01b2f3/1777560321180-4-39zvm0gg.jpg | https://soqrcatqtzaggitqsmlz.supabase.co/storage/v1/object/public/fotos-intervenciones/35e5f419-c248-47ef-8df2-12224d97d8ed/d813bf2c-dc79-4bb2-9343-f6c2a8f300ae/9a7a77ff-6401-4864-a4fd-e5b72d01b2f3/1777560325170-5-nh4bdm50.jpg | https://soqrcatqtzaggitqsmlz.supabase.co/storage/v1/object/public/fotos-intervenciones/35e5f419-c248-47ef-8df2-12224d97d8ed/d813bf2c-dc79-4bb2-9343-f6c2a8f300ae/9a7a77ff-6401-4864-a4fd-e5b72d01b2f3/1777560329502-6-ks8jq0ra.jpg | https://soqrcatqtzaggitqsmlz.supabase.co/storage/v1/object/public/fotos-intervenciones/35e5f419-c248-47ef-8df2-12224d97d8ed/d813bf2c-dc79-4bb2-9343-f6c2a8f300ae/9a7a77ff-6401-4864-a4fd-e5b72d01b2f3/1777560331904-7-uczuowxf.jpg | https://soqrcatqtzaggitqsmlz.supabase.co/storage/v1/object/public/fotos-intervenciones/35e5f419-c248-47ef-8df2-12224d97d8ed/d813bf2c-dc79-4bb2-9343-f6c2a8f300ae/9a7a77ff-6401-4864-a4fd-e5b72d01b2f3/1777560335890-8-b0og1ht5.jpg | https://soqrcatqtzaggitqsmlz.supabase.co/storage/v1/object/public/fotos-intervenciones/35e5f419-c248-47ef-8df2-12224d97d8ed/d813bf2c-dc79-4bb2-9343-f6c2a8f300ae/9a7a77ff-6401-4864-a4fd-e5b72d01b2f3/1777560337183-9-tmm6fau4.jpg | https://soqrcatqtzaggitqsmlz.supabase.co/storage/v1/object/public/fotos-intervenciones/35e5f419-c248-47ef-8df2-12224d97d8ed/d813bf2c-dc79-4bb2-9343-f6c2a8f300ae/9a7a77ff-6401-4864-a4fd-e5b72d01b2f3/1777560314296-2-86elinvv.jpg | https://soqrcatqtzaggitqsmlz.supabase.co/storage/v1/object/public/fotos-intervenciones/35e5f419-c248-47ef-8df2-12224d97d8ed/d813bf2c-dc79-4bb2-9343-f6c2a8f300ae/9a7a77ff-6401-4864-a4fd-e5b72d01b2f3/1777560317175-3-nanpquak.jpg | https://soqrcatqtzaggitqsmlz.supabase.co/storage/v1/object/public/fotos-intervenciones/35e5f419-c248-47ef-8df2-12224d97d8ed/d813bf2c-dc79-4bb2-9343-f6c2a8f300ae/9a7a77ff-6401-4864-a4fd-e5b72d01b2f3/1777560321180-4-39zvm0gg.jpg | https://soqrcatqtzaggitqsmlz.supabase.co/storage/v1/object/public/fotos-intervenciones/35e5f419-c248-47ef-8df2-12224d97d8ed/d813bf2c-dc79-4bb2-9343-f6c2a8f300ae/9a7a77ff-6401-4864-a4fd-e5b72d01b2f3/1777560325170-5-nh4bdm50.jpg | https://soqrcatqtzaggitqsmlz.supabase.co/storage/v1/object/public/fotos-intervenciones/35e5f419-c248-47ef-8df2-12224d97d8ed/d813bf2c-dc79-4bb2-9343-f6c2a8f300ae/9a7a77ff-6401-4864-a4fd-e5b72d01b2f3/1777560329502-6-ks8jq0ra.jpg | https://soqrcatqtzaggitqsmlz.supabase.co/storage/v1/object/public/fotos-intervenciones/35e5f419-c248-47ef-8df2-12224d97d8ed/d813bf2c-dc79-4bb2-9343-f6c2a8f300ae/9a7a77ff-6401-4864-a4fd-e5b72d01b2f3/1777560331904-7-uczuowxf.jpg | https://soqrcatqtzaggitqsmlz.supabase.co/storage/v1/object/public/fotos-intervenciones/35e5f419-c248-47ef-8df2-12224d97d8ed/d813bf2c-dc79-4bb2-9343-f6c2a8f300ae/9a7a77ff-6401-4864-a4fd-e5b72d01b2f3/1777560335890-8-b0og1ht5.jpg | https://soqrcatqtzaggitqsmlz.supabase.co/storage/v1/object/public/fotos-intervenciones/35e5f419-c248-47ef-8df2-12224d97d8ed/d813bf2c-dc79-4bb2-9343-f6c2a8f300ae/9a7a77ff-6401-4864-a4fd-e5b72d01b2f3/1777560337183-9-tmm6fau4.jpg | https://soqrcatqtzaggitqsmlz.supabase.co/storage/v1/object/public/fotos-intervenciones/35e5f419-c248-47ef-8df2-12224d97d8ed/d813bf2c-dc79-4bb2-9343-f6c2a8f300ae/9a7a77ff-6401-4864-a4fd-e5b72d01b2f3/1777560314296-2-86elinvv.jpg | https://soqrcatqtzaggitqsmlz.supabase.co/storage/v1/object/public/fotos-intervenciones/35e5f419-c248-47ef-8df2-12224d97d8ed/d813bf2c-dc79-4bb2-9343-f6c2a8f300ae/9a7a77ff-6401-4864-a4fd-e5b72d01b2f3/1777560317175-3-nanpquak.jpg | https://soqrcatqtzaggitqsmlz.supabase.co/storage/v1/object/public/fotos-intervenciones/35e5f419-c248-47ef-8df2-12224d97d8ed/d813bf2c-dc79-4bb2-9343-f6c2a8f300ae/9a7a77ff-6401-4864-a4fd-e5b72d01b2f3/1777560321180-4-39zvm0gg.jpg | https://soqrcatqtzaggitqsmlz.supabase.co/storage/v1/object/public/fotos-intervenciones/35e5f419-c248-47ef-8df2-12224d97d8ed/d813bf2c-dc79-4bb2-9343-f6c2a8f300ae/9a7a77ff-6401-4864-a4fd-e5b72d01b2f3/1777560325170-5-nh4bdm50.jpg | https://soqrcatqtzaggitqsmlz.supabase.co/storage/v1/object/public/fotos-intervenciones/35e5f419-c248-47ef-8df2-12224d97d8ed/d813bf2c-dc79-4bb2-9343-f6c2a8f300ae/9a7a77ff-6401-4864-a4fd-e5b72d01b2f3/1777560329502-6-ks8jq0ra.jpg | https://soqrcatqtzaggitqsmlz.supabase.co/storage/v1/object/public/fotos-intervenciones/35e5f419-c248-47ef-8df2-12224d97d8ed/d813bf2c-dc79-4bb2-9343-f6c2a8f300ae/9a7a77ff-6401-4864-a4fd-e5b72d01b2f3/1777560331904-7-uczuowxf.jpg | https://soqrcatqtzaggitqsmlz.supabase.co/storage/v1/object/public/fotos-intervenciones/35e5f419-c248-47ef-8df2-12224d97d8ed/d813bf2c-dc79-4bb2-9343-f6c2a8f300ae/9a7a77ff-6401-4864-a4fd-e5b72d01b2f3/1777560335890-8-b0og1ht5.jpg | https://soqrcatqtzaggitqsmlz.supabase.co/storage/v1/object/public/fotos-intervenciones/35e5f419-c248-47ef-8df2-12224d97d8ed/d813bf2c-dc79-4bb2-9343-f6c2a8f300ae/9a7a77ff-6401-4864-a4fd-e5b72d01b2f3/1777560337183-9-tmm6fau4.jpg | https://soqrcatqtzaggitqsmlz.supabase.co/storage/v1/object/public/fotos-intervenciones/35e5f419-c248-47ef-8df2-12224d97d8ed/d813bf2c-dc79-4bb2-9343-f6c2a8f300ae/9a7a77ff-6401-4864-a4fd-e5b72d01b2f3/1777560314296-2-86elinvv.jpg | https://soqrcatqtzaggitqsmlz.supabase.co/storage/v1/object/public/fotos-intervenciones/35e5f419-c248-47ef-8df2-12224d97d8ed/d813bf2c-dc79-4bb2-9343-f6c2a8f300ae/9a7a77ff-6401-4864-a4fd-e5b72d01b2f3/1777560317175-3-nanpquak.jpg | https://soqrcatqtzaggitqsmlz.supabase.co/storage/v1/object/public/fotos-intervenciones/35e5f419-c248-47ef-8df2-12224d97d8ed/d813bf2c-dc79-4bb2-9343-f6c2a8f300ae/9a7a77ff-6401-4864-a4fd-e5b72d01b2f3/1777560321180-4-39zvm0gg.jpg | https://soqrcatqtzaggitqsmlz.supabase.co/storage/v1/object/public/fotos-intervenciones/35e5f419-c248-47ef-8df2-12224d97d8ed/d813bf2c-dc79-4bb2-9343-f6c2a8f300ae/9a7a77ff-6401-4864-a4fd-e5b72d01b2f3/1777560325170-5-nh4bdm50.jpg | https://soqrcatqtzaggitqsmlz.supabase.co/storage/v1/object/public/fotos-intervenciones/35e5f419-c248-47ef-8df2-12224d97d8ed/d813bf2c-dc79-4bb2-9343-f6c2a8f300ae/9a7a77ff-6401-4864-a4fd-e5b72d01b2f3/1777560329502-6-ks8jq0ra.jpg | https://soqrcatqtzaggitqsmlz.supabase.co/storage/v1/object/public/fotos-intervenciones/35e5f419-c248-47ef-8df2-12224d97d8ed/d813bf2c-dc79-4bb2-9343-f6c2a8f300ae/9a7a77ff-6401-4864-a4fd-e5b72d01b2f3/1777560331904-7-uczuowxf.jpg | https://soqrcatqtzaggitqsmlz.supabase.co/storage/v1/object/public/fotos-intervenciones/35e5f419-c248-47ef-8df2-12224d97d8ed/d813bf2c-dc79-4bb2-9343-f6c2a8f300ae/9a7a77ff-6401-4864-a4fd-e5b72d01b2f3/1777560335890-8-b0og1ht5.jpg | https://soqrcatqtzaggitqsmlz.supabase.co/storage/v1/object/public/fotos-intervenciones/35e5f419-c248-47ef-8df2-12224d97d8ed/d813bf2c-dc79-4bb2-9343-f6c2a8f300ae/9a7a77ff-6401-4864-a4fd-e5b72d01b2f3/1777560337183-9-tmm6fau4.jpg | https://soqrcatqtzaggitqsmlz.supabase.co/storage/v1/object/public/fotos-intervenciones/35e5f419-c248-47ef-8df2-12224d97d8ed/d813bf2c-dc79-4bb2-9343-f6c2a8f300ae/9a7a77ff-6401-4864-a4fd-e5b72d01b2f3/1777560314296-2-86elinvv.jpg | https://soqrcatqtzaggitqsmlz.supabase.co/storage/v1/object/public/fotos-intervenciones/35e5f419-c248-47ef-8df2-12224d97d8ed/d813bf2c-dc79-4bb2-9343-f6c2a8f300ae/9a7a77ff-6401-4864-a4fd-e5b72d01b2f3/1777560317175-3-nanpquak.jpg | https://soqrcatqtzaggitqsmlz.supabase.co/storage/v1/object/public/fotos-intervenciones/35e5f419-c248-47ef-8df2-12224d97d8ed/d813bf2c-dc79-4bb2-9343-f6c2a8f300ae/9a7a77ff-6401-4864-a4fd-e5b72d01b2f3/1777560321180-4-39zvm0gg.jpg | https://soqrcatqtzaggitqsmlz.supabase.co/storage/v1/object/public/fotos-intervenciones/35e5f419-c248-47ef-8df2-12224d97d8ed/d813bf2c-dc79-4bb2-9343-f6c2a8f300ae/9a7a77ff-6401-4864-a4fd-e5b72d01b2f3/1777560325170-5-nh4bdm50.jpg | https://soqrcatqtzaggitqsmlz.supabase.co/storage/v1/object/public/fotos-intervenciones/35e5f419-c248-47ef-8df2-12224d97d8ed/d813bf2c-dc79-4bb2-9343-f6c2a8f300ae/9a7a77ff-6401-4864-a4fd-e5b72d01b2f3/1777560329502-6-ks8jq0ra.jpg | https://soqrcatqtzaggitqsmlz.supabase.co/storage/v1/object/public/fotos-intervenciones/35e5f419-c248-47ef-8df2-12224d97d8ed/d813bf2c-dc79-4bb2-9343-f6c2a8f300ae/9a7a77ff-6401-4864-a4fd-e5b72d01b2f3/1777560331904-7-uczuowxf.jpg | https://soqrcatqtzaggitqsmlz.supabase.co/storage/v1/object/public/fotos-intervenciones/35e5f419-c248-47ef-8df2-12224d97d8ed/d813bf2c-dc79-4bb2-9343-f6c2a8f300ae/9a7a77ff-6401-4864-a4fd-e5b72d01b2f3/1777560335890-8-b0og1ht5.jpg | https://soqrcatqtzaggitqsmlz.supabase.co/storage/v1/object/public/fotos-intervenciones/35e5f419-c248-47ef-8df2-12224d97d8ed/d813bf2c-dc79-4bb2-9343-f6c2a8f300ae/9a7a77ff-6401-4864-a4fd-e5b72d01b2f3/1777560337183-9-tmm6fau4.jpg | https://soqrcatqtzaggitqsmlz.supabase.co/storage/v1/object/public/fotos-intervenciones/35e5f419-c248-47ef-8df2-12224d97d8ed/d813bf2c-dc79-4bb2-9343-f6c2a8f300ae/9a7a77ff-6401-4864-a4fd-e5b72d01b2f3/1777560314296-2-86elinvv.jpg | https://soqrcatqtzaggitqsmlz.supabase.co/storage/v1/object/public/fotos-intervenciones/35e5f419-c248-47ef-8df2-12224d97d8ed/d813bf2c-dc79-4bb2-9343-f6c2a8f300ae/9a7a77ff-6401-4864-a4fd-e5b72d01b2f3/1777560317175-3-nanpquak.jpg | https://soqrcatqtzaggitqsmlz.supabase.co/storage/v1/object/public/fotos-intervenciones/35e5f419-c248-47ef-8df2-12224d97d8ed/d813bf2c-dc79-4bb2-9343-f6c2a8f300ae/9a7a77ff-6401-4864-a4fd-e5b72d01b2f3/1777560321180-4-39zvm0gg.jpg | https://soqrcatqtzaggitqsmlz.supabase.co/storage/v1/object/public/fotos-intervenciones/35e5f419-c248-47ef-8df2-12224d97d8ed/d813bf2c-dc79-4bb2-9343-f6c2a8f300ae/9a7a77ff-6401-4864-a4fd-e5b72d01b2f3/1777560325170-5-nh4bdm50.jpg | https://soqrcatqtzaggitqsmlz.supabase.co/storage/v1/object/public/fotos-intervenciones/35e5f419-c248-47ef-8df2-12224d97d8ed/d813bf2c-dc79-4bb2-9343-f6c2a8f300ae/9a7a77ff-6401-4864-a4fd-e5b72d01b2f3/1777560329502-6-ks8jq0ra.jpg | https://soqrcatqtzaggitqsmlz.supabase.co/storage/v1/object/public/fotos-intervenciones/35e5f419-c248-47ef-8df2-12224d97d8ed/d813bf2c-dc79-4bb2-9343-f6c2a8f300ae/9a7a77ff-6401-4864-a4fd-e5b72d01b2f3/1777560331904-7-uczuowxf.jpg | https://soqrcatqtzaggitqsmlz.supabase.co/storage/v1/object/public/fotos-intervenciones/35e5f419-c248-47ef-8df2-12224d97d8ed/d813bf2c-dc79-4bb2-9343-f6c2a8f300ae/9a7a77ff-6401-4864-a4fd-e5b72d01b2f3/1777560335890-8-b0og1ht5.jpg | https://soqrcatqtzaggitqsmlz.supabase.co/storage/v1/object/public/fotos-intervenciones/35e5f419-c248-47ef-8df2-12224d97d8ed/d813bf2c-dc79-4bb2-9343-f6c2a8f300ae/9a7a77ff-6401-4864-a4fd-e5b72d01b2f3/1777560337183-9-tmm6fau4.jpg | https://soqrcatqtzaggitqsmlz.supabase.co/storage/v1/object/public/fotos-intervenciones/35e5f419-c248-47ef-8df2-12224d97d8ed/d813bf2c-dc79-4bb2-9343-f6c2a8f300ae/9a7a77ff-6401-4864-a4fd-e5b72d01b2f3/1777560314296-2-86elinvv.jpg | https://soqrcatqtzaggitqsmlz.supabase.co/storage/v1/object/public/fotos-intervenciones/35e5f419-c248-47ef-8df2-12224d97d8ed/d813bf2c-dc79-4bb2-9343-f6c2a8f300ae/9a7a77ff-6401-4864-a4fd-e5b72d01b2f3/1777560317175-3-nanpquak.jpg | https://soqrcatqtzaggitqsmlz.supabase.co/storage/v1/object/public/fotos-intervenciones/35e5f419-c248-47ef-8df2-12224d97d8ed/d813bf2c-dc79-4bb2-9343-f6c2a8f300ae/9a7a77ff-6401-4864-a4fd-e5b72d01b2f3/1777560321180-4-39zvm0gg.jpg | https://soqrcatqtzaggitqsmlz.supabase.co/storage/v1/object/public/fotos-intervenciones/35e5f419-c248-47ef-8df2-12224d97d8ed/d813bf2c-dc79-4bb2-9343-f6c2a8f300ae/9a7a77ff-6401-4864-a4fd-e5b72d01b2f3/1777560325170-5-nh4bdm50.jpg | https://soqrcatqtzaggitqsmlz.supabase.co/storage/v1/object/public/fotos-intervenciones/35e5f419-c248-47ef-8df2-12224d97d8ed/d813bf2c-dc79-4bb2-9343-f6c2a8f300ae/9a7a77ff-6401-4864-a4fd-e5b72d01b2f3/1777560329502-6-ks8jq0ra.jpg | https://soqrcatqtzaggitqsmlz.supabase.co/storage/v1/object/public/fotos-intervenciones/35e5f419-c248-47ef-8df2-12224d97d8ed/d813bf2c-dc79-4bb2-9343-f6c2a8f300ae/9a7a77ff-6401-4864-a4fd-e5b72d01b2f3/1777560331904-7-uczuowxf.jpg | https://soqrcatqtzaggitqsmlz.supabase.co/storage/v1/object/public/fotos-intervenciones/35e5f419-c248-47ef-8df2-12224d97d8ed/d813bf2c-dc79-4bb2-9343-f6c2a8f300ae/9a7a77ff-6401-4864-a4fd-e5b72d01b2f3/1777560335890-8-b0og1ht5.jpg | https://soqrcatqtzaggitqsmlz.supabase.co/storage/v1/object/public/fotos-intervenciones/35e5f419-c248-47ef-8df2-12224d97d8ed/d813bf2c-dc79-4bb2-9343-f6c2a8f300ae/9a7a77ff-6401-4864-a4fd-e5b72d01b2f3/1777560337183-9-tmm6fau4.jpg | https://soqrcatqtzaggitqsmlz.supabase.co/storage/v1/object/public/fotos-intervenciones/35e5f419-c248-47ef-8df2-12224d97d8ed/d813bf2c-dc79-4bb2-9343-f6c2a8f300ae/9a7a77ff-6401-4864-a4fd-e5b72d01b2f3/1777560314296-2-86elinvv.jpg | https://soqrcatqtzaggitqsmlz.supabase.co/storage/v1/object/public/fotos-intervenciones/35e5f419-c248-47ef-8df2-12224d97d8ed/d813bf2c-dc79-4bb2-9343-f6c2a8f300ae/9a7a77ff-6401-4864-a4fd-e5b72d01b2f3/1777560317175-3-nanpquak.jpg | https://soqrcatqtzaggitqsmlz.supabase.co/storage/v1/object/public/fotos-intervenciones/35e5f419-c248-47ef-8df2-12224d97d8ed/d813bf2c-dc79-4bb2-9343-f6c2a8f300ae/9a7a77ff-6401-4864-a4fd-e5b72d01b2f3/1777560321180-4-39zvm0gg.jpg | https://soqrcatqtzaggitqsmlz.supabase.co/storage/v1/object/public/fotos-intervenciones/35e5f419-c248-47ef-8df2-12224d97d8ed/d813bf2c-dc79-4bb2-9343-f6c2a8f300ae/9a7a77ff-6401-4864-a4fd-e5b72d01b2f3/1777560325170-5-nh4bdm50.jpg | https://soqrcatqtzaggitqsmlz.supabase.co/storage/v1/object/public/fotos-intervenciones/35e5f419-c248-47ef-8df2-12224d97d8ed/d813bf2c-dc79-4bb2-9343-f6c2a8f300ae/9a7a77ff-6401-4864-a4fd-e5b72d01b2f3/1777560329502-6-ks8jq0ra.jpg | https://soqrcatqtzaggitqsmlz.supabase.co/storage/v1/object/public/fotos-intervenciones/35e5f419-c248-47ef-8df2-12224d97d8ed/d813bf2c-dc79-4bb2-9343-f6c2a8f300ae/9a7a77ff-6401-4864-a4fd-e5b72d01b2f3/1777560331904-7-uczuowxf.jpg | https://soqrcatqtzaggitqsmlz.supabase.co/storage/v1/object/public/fotos-intervenciones/35e5f419-c248-47ef-8df2-12224d97d8ed/d813bf2c-dc79-4bb2-9343-f6c2a8f300ae/9a7a77ff-6401-4864-a4fd-e5b72d01b2f3/1777560335890-8-b0og1ht5.jpg | https://soqrcatqtzaggitqsmlz.supabase.co/storage/v1/object/public/fotos-intervenciones/35e5f419-c248-47ef-8df2-12224d97d8ed/d813bf2c-dc79-4bb2-9343-f6c2a8f300ae/9a7a77ff-6401-4864-a4fd-e5b72d01b2f3/1777560337183-9-tmm6fau4.jpg | sb://fotos-intervenciones/35e5f419-c248-47ef-8df2-12224d97d8ed/d813bf2c-dc79-4bb2-9343-f6c2a8f300ae/9a7a77ff-6401-4864-a4fd-e5b72d01b2f3/1777916486972-2-2q3xv67v.jpg | sb://fotos-intervenciones/35e5f419-c248-47ef-8df2-12224d97d8ed/d813bf2c-dc79-4bb2-9343-f6c2a8f300ae/9a7a77ff-6401-4864-a4fd-e5b72d01b2f3/1777916487948-3-o5k1n58n.jpg | sb://fotos-intervenciones/35e5f419-c248-47ef-8df2-12224d97d8ed/d813bf2c-dc79-4bb2-9343-f6c2a8f300ae/9a7a77ff-6401-4864-a4fd-e5b72d01b2f3/1777916488724-4-4a4f6qnc.jpg | sb://fotos-intervenciones/35e5f419-c248-47ef-8df2-12224d97d8ed/d813bf2c-dc79-4bb2-9343-f6c2a8f300ae/9a7a77ff-6401-4864-a4fd-e5b72d01b2f3/1777916489397-5-t7tq7fcj.jpg | sb://fotos-intervenciones/35e5f419-c248-47ef-8df2-12224d97d8ed/d813bf2c-dc79-4bb2-9343-f6c2a8f300ae/9a7a77ff-6401-4864-a4fd-e5b72d01b2f3/1777916490144-6-f06p6ng1.jpg | sb://fotos-intervenciones/35e5f419-c248-47ef-8df2-12224d97d8ed/d813bf2c-dc79-4bb2-9343-f6c2a8f300ae/9a7a77ff-6401-4864-a4fd-e5b72d01b2f3/1777916491272-7-hi4b4xhx.jpg | sb://fotos-intervenciones/35e5f419-c248-47ef-8df2-12224d97d8ed/d813bf2c-dc79-4bb2-9343-f6c2a8f300ae/9a7a77ff-6401-4864-a4fd-e5b72d01b2f3/1777916486972-2-2q3xv67v.jpg | sb://fotos-intervenciones/35e5f419-c248-47ef-8df2-12224d97d8ed/d813bf2c-dc79-4bb2-9343-f6c2a8f300ae/9a7a77ff-6401-4864-a4fd-e5b72d01b2f3/1777916487948-3-o5k1n58n.jpg | sb://fotos-intervenciones/35e5f419-c248-47ef-8df2-12224d97d8ed/d813bf2c-dc79-4bb2-9343-f6c2a8f300ae/9a7a77ff-6401-4864-a4fd-e5b72d01b2f3/1777916488724-4-4a4f6qnc.jpg | sb://fotos-intervenciones/35e5f419-c248-47ef-8df2-12224d97d8ed/d813bf2c-dc79-4bb2-9343-f6c2a8f300ae/9a7a77ff-6401-4864-a4fd-e5b72d01b2f3/1777916489397-5-t7tq7fcj.jpg | sb://fotos-intervenciones/35e5f419-c248-47ef-8df2-12224d97d8ed/d813bf2c-dc79-4bb2-9343-f6c2a8f300ae/9a7a77ff-6401-4864-a4fd-e5b72d01b2f3/1777916490144-6-f06p6ng1.jpg | sb://fotos-intervenciones/35e5f419-c248-47ef-8df2-12224d97d8ed/d813bf2c-dc79-4bb2-9343-f6c2a8f300ae/9a7a77ff-6401-4864-a4fd-e5b72d01b2f3/1777916491272-7-hi4b4xhx.jpg | sb://fotos-intervenciones/35e5f419-c248-47ef-8df2-12224d97d8ed/d813bf2c-dc79-4bb2-9343-f6c2a8f300ae/9a7a77ff-6401-4864-a4fd-e5b72d01b2f3/1777916486972-2-2q3xv67v.jpg | sb://fotos-intervenciones/35e5f419-c248-47ef-8df2-12224d97d8ed/d813bf2c-dc79-4bb2-9343-f6c2a8f300ae/9a7a77ff-6401-4864-a4fd-e5b72d01b2f3/1777916487948-3-o5k1n58n.jpg | sb://fotos-intervenciones/35e5f419-c248-47ef-8df2-12224d97d8ed/d813bf2c-dc79-4bb2-9343-f6c2a8f300ae/9a7a77ff-6401-4864-a4fd-e5b72d01b2f3/1777916488724-4-4a4f6qnc.jpg | sb://fotos-intervenciones/35e5f419-c248-47ef-8df2-12224d97d8ed/d813bf2c-dc79-4bb2-9343-f6c2a8f300ae/9a7a77ff-6401-4864-a4fd-e5b72d01b2f3/1777916489397-5-t7tq7fcj.jpg | sb://fotos-intervenciones/35e5f419-c248-47ef-8df2-12224d97d8ed/d813bf2c-dc79-4bb2-9343-f6c2a8f300ae/9a7a77ff-6401-4864-a4fd-e5b72d01b2f3/1777983587501-1-lznumsow.jpg | sb://fotos-intervenciones/35e5f419-c248-47ef-8df2-12224d97d8ed/d813bf2c-dc79-4bb2-9343-f6c2a8f300ae/9a7a77ff-6401-4864-a4fd-e5b72d01b2f3/1777983587896-2-wmsy464k.jpg | sb://fotos-intervenciones/35e5f419-c248-47ef-8df2-12224d97d8ed/d813bf2c-dc79-4bb2-9343-f6c2a8f300ae/9a7a77ff-6401-4864-a4fd-e5b72d01b2f3/1777983588139-3-yq062htr.jpg | sb://fotos-intervenciones/35e5f419-c248-47ef-8df2-12224d97d8ed/d813bf2c-dc79-4bb2-9343-f6c2a8f300ae/9a7a77ff-6401-4864-a4fd-e5b72d01b2f3/1777983588451-4-rikxc0fz.jpg | sb://fotos-intervenciones/35e5f419-c248-47ef-8df2-12224d97d8ed/d813bf2c-dc79-4bb2-9343-f6c2a8f300ae/9a7a77ff-6401-4864-a4fd-e5b72d01b2f3/1777916486972-2-2q3xv67v.jpg | sb://fotos-intervenciones/35e5f419-c248-47ef-8df2-12224d97d8ed/d813bf2c-dc79-4bb2-9343-f6c2a8f300ae/9a7a77ff-6401-4864-a4fd-e5b72d01b2f3/1777916487948-3-o5k1n58n.jpg | sb://fotos-intervenciones/35e5f419-c248-47ef-8df2-12224d97d8ed/d813bf2c-dc79-4bb2-9343-f6c2a8f300ae/9a7a77ff-6401-4864-a4fd-e5b72d01b2f3/1777916488724-4-4a4f6qnc.jpg | sb://fotos-intervenciones/35e5f419-c248-47ef-8df2-12224d97d8ed/d813bf2c-dc79-4bb2-9343-f6c2a8f300ae/9a7a77ff-6401-4864-a4fd-e5b72d01b2f3/1777916489397-5-t7tq7fcj.jpg | sb://fotos-intervenciones/35e5f419-c248-47ef-8df2-12224d97d8ed/d813bf2c-dc79-4bb2-9343-f6c2a8f300ae/9a7a77ff-6401-4864-a4fd-e5b72d01b2f3/1777983587501-1-lznumsow.jpg | sb://fotos-intervenciones/35e5f419-c248-47ef-8df2-12224d97d8ed/d813bf2c-dc79-4bb2-9343-f6c2a8f300ae/9a7a77ff-6401-4864-a4fd-e5b72d01b2f3/1777983587896-2-wmsy464k.jpg | sb://fotos-intervenciones/35e5f419-c248-47ef-8df2-12224d97d8ed/d813bf2c-dc79-4bb2-9343-f6c2a8f300ae/9a7a77ff-6401-4864-a4fd-e5b72d01b2f3/1777983588139-3-yq062htr.jpg | sb://fotos-intervenciones/35e5f419-c248-47ef-8df2-12224d97d8ed/d813bf2c-dc79-4bb2-9343-f6c2a8f300ae/9a7a77ff-6401-4864-a4fd-e5b72d01b2f3/1777983588451-4-rikxc0fz.jpg | Fotos intervención: sb://fotos-intervenciones/35e5f419-c248-47ef-8df2-12224d97d8ed/d813bf2c-dc79-4bb2-9343-f6c2a8f300ae/9a7a77ff-6401-4864-a4fd-e5b72d01b2f3/1777916486121-1-c898inc5.jpg | sb://fotos-intervenciones/35e5f419-c248-47ef-8df2-12224d97d8ed/d813bf2c-dc79-4bb2-9343-f6c2a8f300ae/9a7a77ff-6401-4864-a4fd-e5b72d01b2f3/1777916486972-2-2q3xv67v.jpg | sb://fotos-intervenciones/35e5f419-c248-47ef-8df2-12224d97d8ed/d813bf2c-dc79-4bb2-9343-f6c2a8f300ae/9a7a77ff-6401-4864-a4fd-e5b72d01b2f3/1777916487948-3-o5k1n58n.jpg | sb://fotos-intervenciones/35e5f419-c248-47ef-8df2-12224d97d8ed/d813bf2c-dc79-4bb2-9343-f6c2a8f300ae/9a7a77ff-6401-4864-a4fd-e5b72d01b2f3/1777916488724-4-4a4f6qnc.jpg | sb://fotos-intervenciones/35e5f419-c248-47ef-8df2-12224d97d8ed/d813bf2c-dc79-4bb2-9343-f6c2a8f300ae/9a7a77ff-6401-4864-a4fd-e5b72d01b2f3/1777916489397-5-t7tq7fcj.jpg | sb://fotos-intervenciones/35e5f419-c248-47ef-8df2-12224d97d8ed/d813bf2c-dc79-4bb2-9343-f6c2a8f300ae/9a7a77ff-6401-4864-a4fd-e5b72d01b2f3/1777983587501-1-lznumsow.jpg | sb://fotos-intervenciones/35e5f419-c248-47ef-8df2-12224d97d8ed/d813bf2c-dc79-4bb2-9343-f6c2a8f300ae/9a7a77ff-6401-4864-a4fd-e5b72d01b2f3/1777983587896-2-wmsy464k.jpg | sb://fotos-intervenciones/35e5f419-c248-47ef-8df2-12224d97d8ed/d813bf2c-dc79-4bb2-9343-f6c2a8f300ae/9a7a77ff-6401-4864-a4fd-e5b72d01b2f3/1777983588139-3-yq062htr.jpg | sb://fotos-intervenciones/35e5f419-c248-47ef-8df2-12224d97d8ed/d813bf2c-dc79-4bb2-9343-f6c2a8f300ae/9a7a77ff-6401-4864-a4fd-e5b72d01b2f3/1777983588451-4-rikxc0fz.jpg', 202, 1, 'finalizado', 'baja', 'sb://fotos-intervenciones/35e5f419-c248-47ef-8df2-12224d97d8ed/d813bf2c-dc79-4bb2-9343-f6c2a8f300ae/9a7a77ff-6401-4864-a4fd-e5b72d01b2f3/1777916486121-1-c898inc5.jpg', 'https://soqrcatqtzaggitqsmlz.supabase.co/storage/v1/object/public/firmas-clientes/35e5f419-c248-47ef-8df2-12224d97d8ed/d813bf2c-dc79-4bb2-9343-f6c2a8f300ae/1777560304234-7925m0iz.png', 'sb://informes-partes/35e5f419-c248-47ef-8df2-12224d97d8ed/d813bf2c-dc79-4bb2-9343-f6c2a8f300ae/9a7a77ff-6401-4864-a4fd-e5b72d01b2f3/SAT-260430-02.pdf', NULL, NULL, 0, 0, '2026-04-30 11:23:00', '2026-04-30 14:44:00', NULL, NULL, NULL, NULL, NULL, NULL, NULL, NULL, NULL, NULL, NULL, NULL, NULL, NULL, NULL, 0, 50, 3.35, 0.5, 87.94, 0, 0, 0, 0, 167.5, 43.97, 211.47, NULL, '2026-06-06 13:02:54'),
('a197cdf4-4ba6-49c8-abe5-6a4082cae6a9', 61, 'acaf3613-c109-467e-95e5-3e4477690b6d', 'eaf1da84-2f1d-4311-b753-368a3f0d46e5', '69822cb9-b73b-4cbc-b172-129e4a49dfc1', 'Mantenimiento vaporera de horno.', 'Se comprueban 2 bandejas de esferas que han quedado inservibles. Se sanea el resto de la vaporera del horno y se comprueba el óptimo funcionamiento del circuito del agua en vaporera. | Desplazamiento Cotepa a cliente | Inicio: 2026-06-09T12:46:49.600Z | Fin: 2026-06-09T12:46:49.600Z | Distancia desplazamiento: 0.00 km | Factura (ida+vuelta): 0.00 km | Tiempo desplazamiento: 1 minutos | Factura (ida+vuelta): 1 minutos | Intervención en cliente | Inicio: 2026-06-09T12:46:49.600Z | Fin: 2026-06-09T14:17:07.293Z | Geo fin: 39.46637, -0.37155 | Distancia geo: 0.00 km | Tiempo intervención: 91 minutos | Firmado por: Carolina | Fotos intervención: sb://fotos-intervenciones/acaf3613-c109-467e-95e5-3e4477690b6d/69822cb9-b73b-4cbc-b172-129e4a49dfc1/a197cdf4-4ba6-49c8-abe5-6a4082cae6a9/1781025420322-1-2p11u9g0.jpg | sb://fotos-intervenciones/acaf3613-c109-467e-95e5-3e4477690b6d/69822cb9-b73b-4cbc-b172-129e4a49dfc1/a197cdf4-4ba6-49c8-abe5-6a4082cae6a9/1781025420865-2-de4k9ugp.jpg | sb://fotos-intervenciones/acaf3613-c109-467e-95e5-3e4477690b6d/69822cb9-b73b-4cbc-b172-129e4a49dfc1/a197cdf4-4ba6-49c8-abe5-6a4082cae6a9/1781025421243-3-2z9zohma.jpg | sb://fotos-intervenciones/acaf3613-c109-467e-95e5-3e4477690b6d/69822cb9-b73b-4cbc-b172-129e4a49dfc1/a197cdf4-4ba6-49c8-abe5-6a4082cae6a9/1781025421529-4-4ugjakqr.jpg | sb://fotos-intervenciones/acaf3613-c109-467e-95e5-3e4477690b6d/69822cb9-b73b-4cbc-b172-129e4a49dfc1/a197cdf4-4ba6-49c8-abe5-6a4082cae6a9/1781025421861-5-qlgd1ocu.jpg | sb://fotos-intervenciones/acaf3613-c109-467e-95e5-3e4477690b6d/69822cb9-b73b-4cbc-b172-129e4a49dfc1/a197cdf4-4ba6-49c8-abe5-6a4082cae6a9/1781025422454-6-p0jozp8s.png | sb://fotos-intervenciones/acaf3613-c109-467e-95e5-3e4477690b6d/69822cb9-b73b-4cbc-b172-129e4a49dfc1/a197cdf4-4ba6-49c8-abe5-6a4082cae6a9/1781025423027-7-3x89no4w.png | sb://fotos-intervenciones/acaf3613-c109-467e-95e5-3e4477690b6d/69822cb9-b73b-4cbc-b172-129e4a49dfc1/a197cdf4-4ba6-49c8-abe5-6a4082cae6a9/1781025423836-8-98zqbu5z.png', 91, 2, 'finalizado', 'media', 'sb://fotos-intervenciones/acaf3613-c109-467e-95e5-3e4477690b6d/69822cb9-b73b-4cbc-b172-129e4a49dfc1/a197cdf4-4ba6-49c8-abe5-6a4082cae6a9/1781025420322-1-2p11u9g0.jpg', 'sb://firmas-clientes/acaf3613-c109-467e-95e5-3e4477690b6d/69822cb9-b73b-4cbc-b172-129e4a49dfc1/1781014698107-pnqh6l8q.png', 'sb://informes-partes/acaf3613-c109-467e-95e5-3e4477690b6d/69822cb9-b73b-4cbc-b172-129e4a49dfc1/a197cdf4-4ba6-49c8-abe5-6a4082cae6a9/SAT-260609-03.pdf', NULL, NULL, 0, 0, '2026-06-09 11:46:00', '2026-06-09 14:17:00', NULL, NULL, NULL, NULL, NULL, NULL, NULL, NULL, NULL, NULL, NULL, NULL, NULL, NULL, NULL, 29, 50, 2.52, 0.5, 13.6, 0, 0, 0, 0, 252, 6.8, 287.8, NULL, '2026-06-09 17:27:07'),
('b24291dc-399b-47e3-ab72-a4db0b38c17d', 29, 'd921a00a-5e18-4f8f-b8c3-671869215419', '624a9a59-24e8-4e49-9651-91b8e5834edc', 'd813bf2c-dc79-4bb2-9343-f6c2a8f300ae', 'El motor huele a quemado tras funcionamiento, y también provoca que salte el automático del local.', 'Se comprueba humedad sobre los componentes electrónicos de la máquina incluyendo el motor.
Se desconecta el motor y se comprueba que con la máquina conectada no hace que se dispare el diferencial. Se entiende que en el motor hay un cierre. | Desplazamiento Cotepa a cliente | Inicio: 2026-05-04T14:12:14.709Z | Fin: 2026-05-04T14:12:29.215Z | Geo inicio (Cotepa): 39.44150, -0.38200 | Geo fin (cliente): 39.73625, -0.26743 | Distancia desplazamiento: 44.48 km | Factura (ida+vuelta): 44.48 km | Tiempo desplazamiento: 1 minutos | Factura (ida+vuelta): 1 minutos | Intervención en cliente | Inicio: 2026-05-04T14:12:44.644Z | Fin: 2026-05-04T14:14:11.882Z | Geo inicio: 39.73625, -0.26743 | Geo fin: 39.73625, -0.26743 | Distancia geo: 0.00 km | Tiempo intervención: 2 minutos | Firmado por: Mihaela | sb://fotos-intervenciones/d921a00a-5e18-4f8f-b8c3-671869215419/d813bf2c-dc79-4bb2-9343-f6c2a8f300ae/b24291dc-399b-47e3-ab72-a4db0b38c17d/1777910887108-2-2t6k5qo9.jpg | sb://fotos-intervenciones/d921a00a-5e18-4f8f-b8c3-671869215419/d813bf2c-dc79-4bb2-9343-f6c2a8f300ae/b24291dc-399b-47e3-ab72-a4db0b38c17d/1777910887357-3-3fcezwbq.jpg | sb://fotos-intervenciones/d921a00a-5e18-4f8f-b8c3-671869215419/d813bf2c-dc79-4bb2-9343-f6c2a8f300ae/b24291dc-399b-47e3-ab72-a4db0b38c17d/1777910887108-2-2t6k5qo9.jpg | sb://fotos-intervenciones/d921a00a-5e18-4f8f-b8c3-671869215419/d813bf2c-dc79-4bb2-9343-f6c2a8f300ae/b24291dc-399b-47e3-ab72-a4db0b38c17d/1777910887357-3-3fcezwbq.jpg | sb://fotos-intervenciones/d921a00a-5e18-4f8f-b8c3-671869215419/d813bf2c-dc79-4bb2-9343-f6c2a8f300ae/b24291dc-399b-47e3-ab72-a4db0b38c17d/1777910887108-2-2t6k5qo9.jpg | sb://fotos-intervenciones/d921a00a-5e18-4f8f-b8c3-671869215419/d813bf2c-dc79-4bb2-9343-f6c2a8f300ae/b24291dc-399b-47e3-ab72-a4db0b38c17d/1777910887357-3-3fcezwbq.jpg | sb://fotos-intervenciones/d921a00a-5e18-4f8f-b8c3-671869215419/d813bf2c-dc79-4bb2-9343-f6c2a8f300ae/b24291dc-399b-47e3-ab72-a4db0b38c17d/1777912853373-2-3k5emvj2.jpg | sb://fotos-intervenciones/d921a00a-5e18-4f8f-b8c3-671869215419/d813bf2c-dc79-4bb2-9343-f6c2a8f300ae/b24291dc-399b-47e3-ab72-a4db0b38c17d/1777912853373-2-3k5emvj2.jpg | sb://fotos-intervenciones/d921a00a-5e18-4f8f-b8c3-671869215419/d813bf2c-dc79-4bb2-9343-f6c2a8f300ae/b24291dc-399b-47e3-ab72-a4db0b38c17d/1777912949894-2-h4082uyt.jpg | Fotos intervención: sb://fotos-intervenciones/d921a00a-5e18-4f8f-b8c3-671869215419/d813bf2c-dc79-4bb2-9343-f6c2a8f300ae/b24291dc-399b-47e3-ab72-a4db0b38c17d/1777912949301-1-606am4b6.jpg | sb://fotos-intervenciones/d921a00a-5e18-4f8f-b8c3-671869215419/d813bf2c-dc79-4bb2-9343-f6c2a8f300ae/b24291dc-399b-47e3-ab72-a4db0b38c17d/1777912949894-2-h4082uyt.jpg', 2, 1, 'finalizado', 'baja', 'sb://fotos-intervenciones/d921a00a-5e18-4f8f-b8c3-671869215419/d813bf2c-dc79-4bb2-9343-f6c2a8f300ae/b24291dc-399b-47e3-ab72-a4db0b38c17d/1777912949301-1-606am4b6.jpg', 'sb://firmas-clientes/d921a00a-5e18-4f8f-b8c3-671869215419/d813bf2c-dc79-4bb2-9343-f6c2a8f300ae/1777904055556-4jjefm82.png', 'sb://informes-partes/d921a00a-5e18-4f8f-b8c3-671869215419/d813bf2c-dc79-4bb2-9343-f6c2a8f300ae/b24291dc-399b-47e3-ab72-a4db0b38c17d/SAT-260504-02.pdf', NULL, NULL, 0, 0, '2026-05-04 09:17:00', '2026-05-04 10:34:00', NULL, NULL, NULL, NULL, NULL, NULL, NULL, NULL, NULL, NULL, NULL, NULL, NULL, NULL, NULL, 0, 50, 1.28, 0.5, 62, 0, 0, 0, 0, 64, 31, 95, NULL, '2026-06-06 13:02:54'),
('cd23f843-9470-476b-a28a-9d895cd41fca', 64, 'ef9dedd7-6bfc-4077-9ebc-b450b04b2f26', '7de64904-aecc-42ac-bfbf-2fa18199c3bc', '416fdb79-ee10-445c-8f85-28dc1f4b957a', 'La última artesa entregada roza con los brazos de la amasadora durante su funcionamiento. Y cliente confirma que existe alguna fuga de aceite en amasadora.', 'Se regulan los tornillos de la altura de la cabeza. Se dejan a 40mm.
Se reaprietan los latiguillos del sistema hidráulico. | Desplazamiento Cotepa a cliente | Inicio: 2026-06-10T10:53:00.240Z | Fin: 2026-06-10T10:53:00.240Z | Distancia desplazamiento: 0.00 km | Factura (ida+vuelta): 0.00 km | Tiempo desplazamiento: 1 minutos | Factura (ida+vuelta): 1 minutos | Intervención en cliente | Inicio: 2026-06-10T10:53:00.240Z | Fin: 2026-06-10T12:22:27.818Z | Geo fin: 42.10740, -0.45037 | Distancia geo: 0.00 km | Tiempo intervención: 90 minutos | Firmado por: José Antonio | sb://fotos-intervenciones/ef9dedd7-6bfc-4077-9ebc-b450b04b2f26/416fdb79-ee10-445c-8f85-28dc1f4b957a/cd23f843-9470-476b-a28a-9d895cd41fca/1781094158087-2-1o0ah17w.jpg | sb://fotos-intervenciones/ef9dedd7-6bfc-4077-9ebc-b450b04b2f26/416fdb79-ee10-445c-8f85-28dc1f4b957a/cd23f843-9470-476b-a28a-9d895cd41fca/1781094159087-3-cmgwqs2s.jpg | sb://fotos-intervenciones/ef9dedd7-6bfc-4077-9ebc-b450b04b2f26/416fdb79-ee10-445c-8f85-28dc1f4b957a/cd23f843-9470-476b-a28a-9d895cd41fca/1781094159836-4-sunibv61.jpg | Fotos intervención: sb://fotos-intervenciones/ef9dedd7-6bfc-4077-9ebc-b450b04b2f26/416fdb79-ee10-445c-8f85-28dc1f4b957a/cd23f843-9470-476b-a28a-9d895cd41fca/1781094157128-1-woehjnhp.jpg | sb://fotos-intervenciones/ef9dedd7-6bfc-4077-9ebc-b450b04b2f26/416fdb79-ee10-445c-8f85-28dc1f4b957a/cd23f843-9470-476b-a28a-9d895cd41fca/1781094158087-2-1o0ah17w.jpg | sb://fotos-intervenciones/ef9dedd7-6bfc-4077-9ebc-b450b04b2f26/416fdb79-ee10-445c-8f85-28dc1f4b957a/cd23f843-9470-476b-a28a-9d895cd41fca/1781094159087-3-cmgwqs2s.jpg | sb://fotos-intervenciones/ef9dedd7-6bfc-4077-9ebc-b450b04b2f26/416fdb79-ee10-445c-8f85-28dc1f4b957a/cd23f843-9470-476b-a28a-9d895cd41fca/1781094159836-4-sunibv61.jpg', 90, 2, 'finalizado', 'media', 'sb://fotos-intervenciones/ef9dedd7-6bfc-4077-9ebc-b450b04b2f26/416fdb79-ee10-445c-8f85-28dc1f4b957a/cd23f843-9470-476b-a28a-9d895cd41fca/1781094157128-1-woehjnhp.jpg', 'sb://firmas-clientes/ef9dedd7-6bfc-4077-9ebc-b450b04b2f26/416fdb79-ee10-445c-8f85-28dc1f4b957a/1781094156519-0du9r5ra.png', 'sb://informes-partes/ef9dedd7-6bfc-4077-9ebc-b450b04b2f26/416fdb79-ee10-445c-8f85-28dc1f4b957a/cd23f843-9470-476b-a28a-9d895cd41fca/SAT-260610-02.pdf', NULL, NULL, 0, 0, '2026-06-10 10:53:00', '2026-06-10 12:22:00', NULL, NULL, NULL, NULL, NULL, NULL, NULL, NULL, NULL, NULL, NULL, NULL, NULL, NULL, NULL, 0, 0, 1.48, 0, 794, 0, 0, 0, 0, 0, 0, 0, NULL, '2026-06-11 12:23:56'),
('cf09d8c8-126f-47ec-bdb9-b8c81c4e3355', 51, '66dff8a0-b402-4eed-aa3f-94d4d92ff300', '1aaea42d-f7b6-44ca-b14d-6889672c43f6', '416fdb79-ee10-445c-8f85-28dc1f4b957a', 'Cinta extracción de masa rota.', 'Sustituimos la cinta en maquina | Desplazamiento Cotepa a cliente | Inicio: 2026-06-05T08:48:03.309Z | Fin: 2026-06-05T08:48:03.309Z | Geo inicio (Cotepa): 39.44150, -0.38200 | Geo fin (cliente): 39.37309, -0.41529 | Distancia desplazamiento: 10.56 km | Factura (ida+vuelta): 10.56 km | Tiempo desplazamiento: 1 minutos | Factura (ida+vuelta): 1 minutos | Intervención en cliente | Inicio: 2026-06-05T08:48:03.309Z | Fin: 2026-06-05T09:28:22.428Z | Geo inicio: 39.37309, -0.41529 | Geo fin: 39.37309, -0.41529 | Distancia geo: 0.00 km | Tiempo intervención: 41 minutos | Firmado por: Roberto | sb://fotos-intervenciones/66dff8a0-b402-4eed-aa3f-94d4d92ff300/416fdb79-ee10-445c-8f85-28dc1f4b957a/cf09d8c8-126f-47ec-bdb9-b8c81c4e3355/1780651752896-2-29uvxdow.jpg | sb://fotos-intervenciones/66dff8a0-b402-4eed-aa3f-94d4d92ff300/416fdb79-ee10-445c-8f85-28dc1f4b957a/cf09d8c8-126f-47ec-bdb9-b8c81c4e3355/1780651768673-3-6u3a8wk1.jpg | sb://fotos-intervenciones/66dff8a0-b402-4eed-aa3f-94d4d92ff300/416fdb79-ee10-445c-8f85-28dc1f4b957a/cf09d8c8-126f-47ec-bdb9-b8c81c4e3355/1780651770749-4-rrd37w6a.jpg | sb://fotos-intervenciones/66dff8a0-b402-4eed-aa3f-94d4d92ff300/416fdb79-ee10-445c-8f85-28dc1f4b957a/cf09d8c8-126f-47ec-bdb9-b8c81c4e3355/1780651752896-2-29uvxdow.jpg | sb://fotos-intervenciones/66dff8a0-b402-4eed-aa3f-94d4d92ff300/416fdb79-ee10-445c-8f85-28dc1f4b957a/cf09d8c8-126f-47ec-bdb9-b8c81c4e3355/1780651768673-3-6u3a8wk1.jpg | sb://fotos-intervenciones/66dff8a0-b402-4eed-aa3f-94d4d92ff300/416fdb79-ee10-445c-8f85-28dc1f4b957a/cf09d8c8-126f-47ec-bdb9-b8c81c4e3355/1780651770749-4-rrd37w6a.jpg | sb://fotos-intervenciones/66dff8a0-b402-4eed-aa3f-94d4d92ff300/416fdb79-ee10-445c-8f85-28dc1f4b957a/cf09d8c8-126f-47ec-bdb9-b8c81c4e3355/1780651752896-2-29uvxdow.jpg | sb://fotos-intervenciones/66dff8a0-b402-4eed-aa3f-94d4d92ff300/416fdb79-ee10-445c-8f85-28dc1f4b957a/cf09d8c8-126f-47ec-bdb9-b8c81c4e3355/1780651768673-3-6u3a8wk1.jpg | sb://fotos-intervenciones/66dff8a0-b402-4eed-aa3f-94d4d92ff300/416fdb79-ee10-445c-8f85-28dc1f4b957a/cf09d8c8-126f-47ec-bdb9-b8c81c4e3355/1780651770749-4-rrd37w6a.jpg | Fotos intervención: sb://fotos-intervenciones/66dff8a0-b402-4eed-aa3f-94d4d92ff300/416fdb79-ee10-445c-8f85-28dc1f4b957a/cf09d8c8-126f-47ec-bdb9-b8c81c4e3355/1780856420497-1-65cdhuv5.jpg | sb://fotos-intervenciones/66dff8a0-b402-4eed-aa3f-94d4d92ff300/416fdb79-ee10-445c-8f85-28dc1f4b957a/cf09d8c8-126f-47ec-bdb9-b8c81c4e3355/1780856420824-2-cc5ytuet.jpg | sb://fotos-intervenciones/66dff8a0-b402-4eed-aa3f-94d4d92ff300/416fdb79-ee10-445c-8f85-28dc1f4b957a/cf09d8c8-126f-47ec-bdb9-b8c81c4e3355/1780856421150-3-z2xdre62.jpg | sb://fotos-intervenciones/66dff8a0-b402-4eed-aa3f-94d4d92ff300/416fdb79-ee10-445c-8f85-28dc1f4b957a/cf09d8c8-126f-47ec-bdb9-b8c81c4e3355/1780856421494-4-9bd0zr29.jpg', 41, 2, 'finalizado', 'media', 'sb://fotos-intervenciones/66dff8a0-b402-4eed-aa3f-94d4d92ff300/416fdb79-ee10-445c-8f85-28dc1f4b957a/cf09d8c8-126f-47ec-bdb9-b8c81c4e3355/1780856420497-1-65cdhuv5.jpg', 'sb://firmas-clientes/66dff8a0-b402-4eed-aa3f-94d4d92ff300/416fdb79-ee10-445c-8f85-28dc1f4b957a/1780651726705-uf7u0hy3.png', 'sb://informes-partes/66dff8a0-b402-4eed-aa3f-94d4d92ff300/416fdb79-ee10-445c-8f85-28dc1f4b957a/cf09d8c8-126f-47ec-bdb9-b8c81c4e3355/SAT-260605-02.pdf', NULL, NULL, 0, 0, '2026-06-05 08:48:00', '2026-06-05 09:28:00', NULL, NULL, NULL, NULL, NULL, NULL, NULL, NULL, NULL, NULL, NULL, NULL, NULL, NULL, NULL, 196.9, 50, 0.67, 0.5, 21.13, 0, 0, 0, 0, 67, 10.56, 274.46, NULL, '2026-06-07 18:21:03'),
('d39791de-b090-4082-868c-572bbd3e3b69', 50, 'ddbdb0b4-b7f0-4a91-832d-3521f4c44807', '3267a6b3-ad14-438c-9179-73cd7f41733c', '1294edf5-2d29-464c-9b4f-8e20c2bbb4ac', 'Rueda de la divisora dañada.', 'Sustituimos la rueda dañada de la divisora. | Desplazamiento Cotepa a cliente | Inicio: 2026-06-04T10:16:43.897Z | Fin: 2026-06-04T10:16:43.897Z | Geo inicio (Cotepa): 39.44150, -0.38200 | Geo fin (cliente): 39.46020, -0.37385 | Distancia desplazamiento: 2.85 km | Factura (ida+vuelta): 2.85 km | Tiempo desplazamiento: 1 minutos | Factura (ida+vuelta): 1 minutos | Intervención en cliente | Inicio: 2026-06-04T10:16:43.897Z | Fin: 2026-06-04T10:17:46.187Z | Geo inicio: 39.46020, -0.37385 | Geo fin: 39.46018, -0.37403 | Distancia geo: 0.02 km | Tiempo intervención: 2 minutos | Firmado por: Ana | sb://fotos-intervenciones/ddbdb0b4-b7f0-4a91-832d-3521f4c44807/1294edf5-2d29-464c-9b4f-8e20c2bbb4ac/d39791de-b090-4082-868c-572bbd3e3b69/1780568272926-2-auzsrxqg.jpg | sb://fotos-intervenciones/ddbdb0b4-b7f0-4a91-832d-3521f4c44807/1294edf5-2d29-464c-9b4f-8e20c2bbb4ac/d39791de-b090-4082-868c-572bbd3e3b69/1780568273892-3-qlbjnv2z.jpg | sb://fotos-intervenciones/ddbdb0b4-b7f0-4a91-832d-3521f4c44807/1294edf5-2d29-464c-9b4f-8e20c2bbb4ac/d39791de-b090-4082-868c-572bbd3e3b69/1780568274796-4-z2357ky6.jpg | sb://fotos-intervenciones/ddbdb0b4-b7f0-4a91-832d-3521f4c44807/1294edf5-2d29-464c-9b4f-8e20c2bbb4ac/d39791de-b090-4082-868c-572bbd3e3b69/1780568272926-2-auzsrxqg.jpg | sb://fotos-intervenciones/ddbdb0b4-b7f0-4a91-832d-3521f4c44807/1294edf5-2d29-464c-9b4f-8e20c2bbb4ac/d39791de-b090-4082-868c-572bbd3e3b69/1780568273892-3-qlbjnv2z.jpg | sb://fotos-intervenciones/ddbdb0b4-b7f0-4a91-832d-3521f4c44807/1294edf5-2d29-464c-9b4f-8e20c2bbb4ac/d39791de-b090-4082-868c-572bbd3e3b69/1780568274796-4-z2357ky6.jpg | Fotos intervención: sb://fotos-intervenciones/ddbdb0b4-b7f0-4a91-832d-3521f4c44807/1294edf5-2d29-464c-9b4f-8e20c2bbb4ac/d39791de-b090-4082-868c-572bbd3e3b69/1780662901993-1-rgonv9k7.jpg | sb://fotos-intervenciones/ddbdb0b4-b7f0-4a91-832d-3521f4c44807/1294edf5-2d29-464c-9b4f-8e20c2bbb4ac/d39791de-b090-4082-868c-572bbd3e3b69/1780662902716-2-9coumwxi.jpg | sb://fotos-intervenciones/ddbdb0b4-b7f0-4a91-832d-3521f4c44807/1294edf5-2d29-464c-9b4f-8e20c2bbb4ac/d39791de-b090-4082-868c-572bbd3e3b69/1780662903023-3-pbd67m1v.jpg | sb://fotos-intervenciones/ddbdb0b4-b7f0-4a91-832d-3521f4c44807/1294edf5-2d29-464c-9b4f-8e20c2bbb4ac/d39791de-b090-4082-868c-572bbd3e3b69/1780662903500-4-inkxcwt1.jpg', 2, 1, 'finalizado', 'media', 'sb://fotos-intervenciones/ddbdb0b4-b7f0-4a91-832d-3521f4c44807/1294edf5-2d29-464c-9b4f-8e20c2bbb4ac/d39791de-b090-4082-868c-572bbd3e3b69/1780662901993-1-rgonv9k7.jpg', 'sb://firmas-clientes/ddbdb0b4-b7f0-4a91-832d-3521f4c44807/1294edf5-2d29-464c-9b4f-8e20c2bbb4ac/1780568270163-4yedrvln.png', 'sb://informes-partes/ddbdb0b4-b7f0-4a91-832d-3521f4c44807/1294edf5-2d29-464c-9b4f-8e20c2bbb4ac/d39791de-b090-4082-868c-572bbd3e3b69/SAT-260604-02.pdf', NULL, NULL, 0, 0, '2026-06-04 09:49:00', '2026-06-04 10:17:00', NULL, NULL, NULL, NULL, NULL, NULL, NULL, NULL, NULL, NULL, NULL, NULL, NULL, NULL, NULL, 51, 50, 1, 0.5, 16.8, 0, 0, 0, 0, 50, 8.4, 109.4, NULL, '2026-06-06 13:02:54'),
('e4aa358f-7a60-4f05-8248-692765b50a6e', 62, 'acaf3613-c109-467e-95e5-3e4477690b6d', '5f2add05-fc82-4507-9251-516537cba29b', '1294edf5-2d29-464c-9b4f-8e20c2bbb4ac', 'En piso 3 del horno no funciona el vapor. Y cliente solicita revisión de vapor en el resto de pisos al horno.', 'Comprobamos que la electroválvula en piso 3 no funciona y, el inyector de vapor en piso 3 está dañado e inservible. Sustituimos electroválvula del horno y el inyector en piso 3 del horno.
Revisamos funcionamiento de vapor en el resto de pisos del horno y comprobamos que todo funciona correctamente. | Desplazamiento Cotepa a cliente | Inicio: 2026-06-09T17:30:43.458Z | Fin: 2026-06-09T17:30:43.458Z | Distancia desplazamiento: 0.00 km | Factura (ida+vuelta): 0.00 km | Tiempo desplazamiento: 1 minutos | Factura (ida+vuelta): 1 minutos | Intervención en cliente | Inicio: 2026-06-09T17:30:43.458Z | Fin: 2026-06-09T17:46:57.646Z | Distancia geo: 0.00 km | Tiempo intervención: 17 minutos | Firmado por: No presente | sb://fotos-intervenciones/acaf3613-c109-467e-95e5-3e4477690b6d/1294edf5-2d29-464c-9b4f-8e20c2bbb4ac/e4aa358f-7a60-4f05-8248-692765b50a6e/1781027226448-2-vyecgt5n.jpg | sb://fotos-intervenciones/acaf3613-c109-467e-95e5-3e4477690b6d/1294edf5-2d29-464c-9b4f-8e20c2bbb4ac/e4aa358f-7a60-4f05-8248-692765b50a6e/1781027226654-3-clmndhk7.jpg | sb://fotos-intervenciones/acaf3613-c109-467e-95e5-3e4477690b6d/1294edf5-2d29-464c-9b4f-8e20c2bbb4ac/e4aa358f-7a60-4f05-8248-692765b50a6e/1781027226898-4-q2z8xoci.jpg | sb://fotos-intervenciones/acaf3613-c109-467e-95e5-3e4477690b6d/1294edf5-2d29-464c-9b4f-8e20c2bbb4ac/e4aa358f-7a60-4f05-8248-692765b50a6e/1781027227114-5-kke0c5id.jpg | Fotos intervención: sb://fotos-intervenciones/acaf3613-c109-467e-95e5-3e4477690b6d/1294edf5-2d29-464c-9b4f-8e20c2bbb4ac/e4aa358f-7a60-4f05-8248-692765b50a6e/1781027226226-1-t67r1sai.jpg | sb://fotos-intervenciones/acaf3613-c109-467e-95e5-3e4477690b6d/1294edf5-2d29-464c-9b4f-8e20c2bbb4ac/e4aa358f-7a60-4f05-8248-692765b50a6e/1781027226448-2-vyecgt5n.jpg | sb://fotos-intervenciones/acaf3613-c109-467e-95e5-3e4477690b6d/1294edf5-2d29-464c-9b4f-8e20c2bbb4ac/e4aa358f-7a60-4f05-8248-692765b50a6e/1781027226654-3-clmndhk7.jpg | sb://fotos-intervenciones/acaf3613-c109-467e-95e5-3e4477690b6d/1294edf5-2d29-464c-9b4f-8e20c2bbb4ac/e4aa358f-7a60-4f05-8248-692765b50a6e/1781027226898-4-q2z8xoci.jpg | sb://fotos-intervenciones/acaf3613-c109-467e-95e5-3e4477690b6d/1294edf5-2d29-464c-9b4f-8e20c2bbb4ac/e4aa358f-7a60-4f05-8248-692765b50a6e/1781027227114-5-kke0c5id.jpg', 17, 1, 'finalizado', 'media', 'sb://fotos-intervenciones/acaf3613-c109-467e-95e5-3e4477690b6d/1294edf5-2d29-464c-9b4f-8e20c2bbb4ac/e4aa358f-7a60-4f05-8248-692765b50a6e/1781027226226-1-t67r1sai.jpg', 'sb://firmas-clientes/acaf3613-c109-467e-95e5-3e4477690b6d/1294edf5-2d29-464c-9b4f-8e20c2bbb4ac/1781027225927-cbbi046o.png', 'sb://informes-partes/acaf3613-c109-467e-95e5-3e4477690b6d/1294edf5-2d29-464c-9b4f-8e20c2bbb4ac/e4aa358f-7a60-4f05-8248-692765b50a6e/SAT-260609-04.pdf', NULL, NULL, 0, 0, '2026-06-09 11:46:00', '2026-06-09 14:17:00', NULL, NULL, NULL, NULL, NULL, NULL, NULL, NULL, NULL, NULL, NULL, NULL, NULL, NULL, NULL, 285, 50, 2.52, 0.5, 13.6, 0, 0, 0, 0, 126, 6.8, 417.8, NULL, '2026-06-09 17:55:20'),
('ed29bd9b-d5b3-46ec-89f3-623f58934796', 63, '41656512-6f06-4453-92bc-f9ac71ec6399', 'cb3ac183-fb6d-4cef-a2f1-2241444064e6', '69822cb9-b73b-4cbc-b172-129e4a49dfc1', 'En proceso de frio no alcanza la temperatura configurada. Jimy ha visitado cliente y ha comprobado 2 ventiladores en evaporador que no funcionan.', 'Se cambian los 2 ventiladores dañados en evaporador y se comprueba su funcionamiento siendo óptimo. | Desplazamiento Cotepa a cliente | Inicio: 2026-06-11T12:13:44.187Z | Fin: 2026-06-11T12:13:44.187Z | Distancia desplazamiento: 0.00 km | Factura (ida+vuelta): 0.00 km | Tiempo desplazamiento: 1 minutos | Factura (ida+vuelta): 1 minutos | Intervención en cliente | Inicio: 2026-06-11T12:13:44.187Z | Fin: 2026-06-11T12:16:11.858Z | Distancia geo: 0.00 km | Tiempo intervención: 3 minutos | Firmado por: No presente', 3, 2, 'finalizado', 'media', NULL, 'sb://firmas-clientes/41656512-6f06-4453-92bc-f9ac71ec6399/69822cb9-b73b-4cbc-b172-129e4a49dfc1/1781180178656-wtyvi1dk.png', 'sb://informes-partes/41656512-6f06-4453-92bc-f9ac71ec6399/69822cb9-b73b-4cbc-b172-129e4a49dfc1/ed29bd9b-d5b3-46ec-89f3-623f58934796/SAT-260611-03.pdf', NULL, NULL, 0, 0, '2026-06-11 09:23:00', '2026-06-11 11:46:00', NULL, NULL, NULL, NULL, NULL, NULL, NULL, NULL, NULL, NULL, NULL, NULL, NULL, NULL, NULL, 336, 0, 2.38, 0, 618, 0, 0, 0, 0, 0, 0, 336, NULL, '2026-06-12 10:23:18'),
('fad732d4-fcbc-4cb7-a683-782d36d4fa1d', 39, '36ec1efd-2542-47e2-96c2-eb5eb968fd8b', 'd5d0ff6c-677b-4f88-9e92-b3fb8011b4a2', '1294edf5-2d29-464c-9b4f-8e20c2bbb4ac', 'La cámara no hace humedad y la pantalla no funciona.', 'Sustituimos pantalla en cámara y la configuramos para poder trabajar manualmente acorde a los criterios recibidos del cliente. Comprobamos que el humidificador está deshabilitado. Lo habilitamos y solucionamos el problema. Comprobamos que el cilindro tiene los electrodos dañados y no realiza producción de vapor eficientemente, acordamos con cliente sustituir el cilindro por uno nuevo (ref. BLOT3D00H2SP). Comprobamos en la cámara de al lado que salta alarma CY en humidificador, reseteamos la vida del cilindro para hacer desaparecer la alarma del humidificador. Y finalmente regulamos los cierres de las puertas en ambas cámaras FC. Acordamos con cliente enviarle otros 2 cilindros (ref. BLOT3D00H2SP) para sustituir en las otras 2 cámara FC que dispone. | Desplazamiento Cotepa a cliente | Inicio: 2026-05-22T10:55:13.505Z | Fin: 2026-05-22T10:55:13.505Z | Geo inicio (Cotepa): 39.44150, -0.38200 | Geo fin (cliente): 39.01408, -1.88239 | Distancia desplazamiento: 179.01 km | Factura (ida+vuelta): 179.01 km | Tiempo desplazamiento: 1 minutos | Factura (ida+vuelta): 1 minutos | Intervención en cliente | Inicio: 2026-05-22T10:55:13.505Z | Fin: 2026-05-22T14:55:45.163Z | Geo inicio: 39.01408, -1.88239 | Geo fin: 39.01422, -1.88217 | Distancia geo: 0.03 km | Tiempo intervención: 241 minutos | Firmado por: Juan | sb://fotos-intervenciones/36ec1efd-2542-47e2-96c2-eb5eb968fd8b/1294edf5-2d29-464c-9b4f-8e20c2bbb4ac/fad732d4-fcbc-4cb7-a683-782d36d4fa1d/1779726569861-2-gr2g14p3.jpg | sb://fotos-intervenciones/36ec1efd-2542-47e2-96c2-eb5eb968fd8b/1294edf5-2d29-464c-9b4f-8e20c2bbb4ac/fad732d4-fcbc-4cb7-a683-782d36d4fa1d/1779726570164-3-yghop39h.jpg | sb://fotos-intervenciones/36ec1efd-2542-47e2-96c2-eb5eb968fd8b/1294edf5-2d29-464c-9b4f-8e20c2bbb4ac/fad732d4-fcbc-4cb7-a683-782d36d4fa1d/1779726570693-4-wq6wh9m5.jpg | sb://fotos-intervenciones/36ec1efd-2542-47e2-96c2-eb5eb968fd8b/1294edf5-2d29-464c-9b4f-8e20c2bbb4ac/fad732d4-fcbc-4cb7-a683-782d36d4fa1d/1779726570979-5-fpi13inq.jpg | sb://fotos-intervenciones/36ec1efd-2542-47e2-96c2-eb5eb968fd8b/1294edf5-2d29-464c-9b4f-8e20c2bbb4ac/fad732d4-fcbc-4cb7-a683-782d36d4fa1d/1779726571287-6-xxywha58.jpg | sb://fotos-intervenciones/36ec1efd-2542-47e2-96c2-eb5eb968fd8b/1294edf5-2d29-464c-9b4f-8e20c2bbb4ac/fad732d4-fcbc-4cb7-a683-782d36d4fa1d/1779726571839-7-x36f2k20.jpg | sb://fotos-intervenciones/36ec1efd-2542-47e2-96c2-eb5eb968fd8b/1294edf5-2d29-464c-9b4f-8e20c2bbb4ac/fad732d4-fcbc-4cb7-a683-782d36d4fa1d/1779726569861-2-gr2g14p3.jpg | sb://fotos-intervenciones/36ec1efd-2542-47e2-96c2-eb5eb968fd8b/1294edf5-2d29-464c-9b4f-8e20c2bbb4ac/fad732d4-fcbc-4cb7-a683-782d36d4fa1d/1779726570164-3-yghop39h.jpg | sb://fotos-intervenciones/36ec1efd-2542-47e2-96c2-eb5eb968fd8b/1294edf5-2d29-464c-9b4f-8e20c2bbb4ac/fad732d4-fcbc-4cb7-a683-782d36d4fa1d/1779726570693-4-wq6wh9m5.jpg | sb://fotos-intervenciones/36ec1efd-2542-47e2-96c2-eb5eb968fd8b/1294edf5-2d29-464c-9b4f-8e20c2bbb4ac/fad732d4-fcbc-4cb7-a683-782d36d4fa1d/1779726570979-5-fpi13inq.jpg | sb://fotos-intervenciones/36ec1efd-2542-47e2-96c2-eb5eb968fd8b/1294edf5-2d29-464c-9b4f-8e20c2bbb4ac/fad732d4-fcbc-4cb7-a683-782d36d4fa1d/1779726571287-6-xxywha58.jpg | sb://fotos-intervenciones/36ec1efd-2542-47e2-96c2-eb5eb968fd8b/1294edf5-2d29-464c-9b4f-8e20c2bbb4ac/fad732d4-fcbc-4cb7-a683-782d36d4fa1d/1779726571839-7-x36f2k20.jpg | sb://fotos-intervenciones/36ec1efd-2542-47e2-96c2-eb5eb968fd8b/1294edf5-2d29-464c-9b4f-8e20c2bbb4ac/fad732d4-fcbc-4cb7-a683-782d36d4fa1d/1779727542376-1-r42w176p.png | sb://fotos-intervenciones/36ec1efd-2542-47e2-96c2-eb5eb968fd8b/1294edf5-2d29-464c-9b4f-8e20c2bbb4ac/fad732d4-fcbc-4cb7-a683-782d36d4fa1d/1779727544770-2-vac48hta.png | Fotos intervención: sb://fotos-intervenciones/36ec1efd-2542-47e2-96c2-eb5eb968fd8b/1294edf5-2d29-464c-9b4f-8e20c2bbb4ac/fad732d4-fcbc-4cb7-a683-782d36d4fa1d/1779726569457-1-ooorrrnj.jpg | sb://fotos-intervenciones/36ec1efd-2542-47e2-96c2-eb5eb968fd8b/1294edf5-2d29-464c-9b4f-8e20c2bbb4ac/fad732d4-fcbc-4cb7-a683-782d36d4fa1d/1779726569861-2-gr2g14p3.jpg | sb://fotos-intervenciones/36ec1efd-2542-47e2-96c2-eb5eb968fd8b/1294edf5-2d29-464c-9b4f-8e20c2bbb4ac/fad732d4-fcbc-4cb7-a683-782d36d4fa1d/1779726570164-3-yghop39h.jpg | sb://fotos-intervenciones/36ec1efd-2542-47e2-96c2-eb5eb968fd8b/1294edf5-2d29-464c-9b4f-8e20c2bbb4ac/fad732d4-fcbc-4cb7-a683-782d36d4fa1d/1779726570693-4-wq6wh9m5.jpg | sb://fotos-intervenciones/36ec1efd-2542-47e2-96c2-eb5eb968fd8b/1294edf5-2d29-464c-9b4f-8e20c2bbb4ac/fad732d4-fcbc-4cb7-a683-782d36d4fa1d/1779726570979-5-fpi13inq.jpg | sb://fotos-intervenciones/36ec1efd-2542-47e2-96c2-eb5eb968fd8b/1294edf5-2d29-464c-9b4f-8e20c2bbb4ac/fad732d4-fcbc-4cb7-a683-782d36d4fa1d/1779726571287-6-xxywha58.jpg | sb://fotos-intervenciones/36ec1efd-2542-47e2-96c2-eb5eb968fd8b/1294edf5-2d29-464c-9b4f-8e20c2bbb4ac/fad732d4-fcbc-4cb7-a683-782d36d4fa1d/1779726571839-7-x36f2k20.jpg | sb://fotos-intervenciones/36ec1efd-2542-47e2-96c2-eb5eb968fd8b/1294edf5-2d29-464c-9b4f-8e20c2bbb4ac/fad732d4-fcbc-4cb7-a683-782d36d4fa1d/1779727542376-1-r42w176p.png | sb://fotos-intervenciones/36ec1efd-2542-47e2-96c2-eb5eb968fd8b/1294edf5-2d29-464c-9b4f-8e20c2bbb4ac/fad732d4-fcbc-4cb7-a683-782d36d4fa1d/1779727544770-2-vac48hta.png', 241, 1, 'finalizado', 'media', 'sb://fotos-intervenciones/36ec1efd-2542-47e2-96c2-eb5eb968fd8b/1294edf5-2d29-464c-9b4f-8e20c2bbb4ac/fad732d4-fcbc-4cb7-a683-782d36d4fa1d/1779726569457-1-ooorrrnj.jpg', 'sb://firmas-clientes/36ec1efd-2542-47e2-96c2-eb5eb968fd8b/1294edf5-2d29-464c-9b4f-8e20c2bbb4ac/1779461789283-cx4bkl5e.png', 'sb://informes-partes/36ec1efd-2542-47e2-96c2-eb5eb968fd8b/1294edf5-2d29-464c-9b4f-8e20c2bbb4ac/fad732d4-fcbc-4cb7-a683-782d36d4fa1d/SAT-260522-02.pdf', NULL, NULL, 0, 0, '2026-05-22 10:55:00', '2026-05-22 14:55:00', NULL, NULL, NULL, NULL, NULL, NULL, NULL, NULL, NULL, NULL, NULL, NULL, NULL, NULL, NULL, 2176, 50, 4, 0.5, 358.01, 0, 0, 0, 0, 200, 179, 379, NULL, '2026-06-06 13:02:54');

INSERT INTO materiales_orden (id, orden_id, material_id, nombre_material, cantidad, precio_unitario) VALUES
('16c13aae-8cd2-42df-a63e-2d6bd0cb8cd7', 'd39791de-b090-4082-868c-572bbd3e3b69', NULL, 'Rueda sin freno de divisora', 1, 51),
('273756ec-bff0-4ea1-b2ce-68b5fd43e9a3', 'fad732d4-fcbc-4cb7-a683-782d36d4fa1d', NULL, 'Cilindro de humidificador Carel modelo BLOT3DOOH2SP.', 1, 392),
('2a59d8b5-4045-4831-bd9c-f2a0391276a3', '72f9c202-fef2-4ca2-ba8a-c0f5588e1555', NULL, 'Junta puerta', 1, 49.7),
('34495b40-12ad-48e1-bc84-a0686d66345a', '39226f9d-4af8-4712-b6cc-70c5f836d795', NULL, 'Placa relés', 1, 0),
('3e89e7c4-3f5f-4662-b7fa-36d0786b261a', '365c7562-055a-4135-8bb4-663ba5d61774', NULL, 'Turbina motor con hélice de ventilación en horno.', 1, 1230),
('424fbf12-2def-42e4-8c59-c48068436733', 'e4aa358f-7a60-4f05-8248-692765b50a6e', NULL, 'Electroválvula 4 bocas para horno modula Tagliavini.', 1, 138),
('530c3008-353a-43da-a28b-48c00c34df72', '672d471d-0db2-47a1-a4d0-985cd730efa0', NULL, 'Sonda temperatura', 1, 150),
('6394c776-3670-483f-afc5-e2a48b638e07', 'e4aa358f-7a60-4f05-8248-692765b50a6e', NULL, 'Inyector vapor para horno Tagliavini modelo EMT 4/4060.', 1, 147),
('6dd5e151-c754-416f-bf27-53f0c2644470', 'cf09d8c8-126f-47ec-bdb9-b8c81c4e3355', NULL, 'Cinta de extracción de masa.', 1, 196.9),
('82e13f69-cbb7-4529-a274-3b76244d5e6d', '72f9c202-fef2-4ca2-ba8a-c0f5588e1555', NULL, 'Resistencia cuba', 2, 291),
('87432da8-9aee-40b7-8b64-5606b95b56cc', 'fad732d4-fcbc-4cb7-a683-782d36d4fa1d', NULL, 'Controlador táctil PGDX0700 + marco superficie + fuente alimentación 24v continua', 1, 1784),
('910b9f70-fe54-463a-9cb3-10fa77b8314d', 'ed29bd9b-d5b3-46ec-89f3-623f58934796', NULL, 'Ventilador para evaporador en cámara FC', 2, 168),
('9b709a68-a8f2-4718-b194-845aa8b066e9', 'a197cdf4-4ba6-49c8-abe5-6a4082cae6a9', NULL, 'Esfera Ø30mm para vaporera de horno', 29, 1),
('cbc40a80-6b58-43bb-ba9d-17326c309b9b', '3e328047-7369-4af8-8270-52cbd0dcd7b5', NULL, 'Resistencia de vaporera para horno POLIN modelo STRATOS XP', 2, 144),
('cf199226-b731-4021-a57d-059a820baaf2', '72f9c202-fef2-4ca2-ba8a-c0f5588e1555', NULL, 'Resistencias calderín', 2, 183),
('e35fdb2d-c85d-4fa9-97f9-abc04db5633c', '77c637cc-9779-44e4-b2b3-caaed48c3907', NULL, 'Motor extractor con hélice.', 1, 350),
('f06c428c-6874-495a-87bd-2aa7a4dc069c', '3e328047-7369-4af8-8270-52cbd0dcd7b5', NULL, 'Electroválvula entrada agua para horno POLIN modelo STRATOS XP', 1, 152);

-- inventario_movimientos: sin filas

-- ordenes_trabajo_gps: sin filas

ALTER TABLE ordenes_trabajo AUTO_INCREMENT = 68;
SET foreign_key_checks = 1;

